frequency_Hz,Zdiff_real_ohm,Zdiff_imag_ohm,return_loss_target_dB,coil_voltage_gain
8000000.0,2.7876200673052702,-75.09880392017267,0.1601673382995525,0.24255040438475436
8010000.0,2.7864933722531466,-74.95715657708601,0.1606675681876092,0.24359445911278002
8020000.0,2.785379238265956,-74.81577816778268,0.1611699088744006,0.24464330145007354
8030000.0,2.7842776440356958,-74.67466751290735,0.16167437221368347,0.2456969596551141
8040000.0,2.7831885687245244,-74.53382343783814,0.1621809701531966,0.24675546220202324
8050000.0,2.7821119919644857,-74.3932447726485,0.1626897147356031,0.24781883778257857
8060000.0,2.7810478938572665,-74.25293035206884,0.1632006180994791,0.24888711530825167
8070000.0,2.779996254974,-74.11287901544856,0.1637136924802597,0.24996032391226866
8080000.0,2.778957056355103,-73.9730896067183,0.16422895021124315,0.2510384929516943
8090000.0,2.777930279510162,-73.83356097435262,0.16474640372456795,0.2521216520095371
8100000.0,2.776915906417838,-73.69429197133208,0.16526606555225323,0.25320983089688126
8110000.0,2.7759139195258387,-73.55528145510657,0.16578794832718358,0.2543030596550404
8120000.0,2.774924301750901,-73.41652828755792,0.16631206478418847,0.2554013685577361
8130000.0,2.7739470364788366,-73.27803133496326,0.1668384277610408,0.25650478811330163
8140000.0,2.772982107564604,-73.13978946795825,0.16736705019955506,0.2576133490669095
8150000.0,2.7720294993324206,-73.00180156150063,0.16789794514664239,0.2587270824028255
8160000.0,2.7710891965759252,-72.8640664948339,0.16843112575541014,0.2598460193466878
8170000.0,2.7701611845583645,-72.72658315145118,0.16896660528624335,0.26097019136781124
8180000.0,2.769245449012833,-72.58935041905923,0.1695043971079338,0.2620996301815184
8190000.0,2.7683419761425503,-72.45236718954267,0.17004451469881365,0.26323436775149894
8200000.0,2.7674507526211705,-72.31563235892826,0.17058697164787376,0.26437443629219226
8210000.0,2.766571765593148,-72.17914482734943,0.17113178165594087,0.2655198682712018
8220000.0,2.7657050026741246,-72.04290349901109,0.17167895853684506,0.26667069641173213
8230000.0,2.764850451951375,-71.90690728215417,0.1722285162185896,0.2678269536950596
8240000.0,2.7640081019842833,-71.77115508902085,0.1727804687445841,0.26898867336302695
8250000.0,2.7631779418048694,-71.6356458358197,0.1733348302748159,0.27015588892056863
8260000.0,2.7623599609183405,-71.50037844269072,0.17389161508712103,0.2713286341382652
8270000.0,2.7615541493037066,-71.36535183367096,0.17445083757840482,0.2725069430549273
8280000.0,2.760760497414422,-71.23056493665997,0.17501251226592132,0.2736908499802097
8290000.0,2.7599789961790746,-71.09601668338573,0.1755766537885347,0.27488038949725496
8300000.0,2.7592096370021135,-70.96170600937012,0.17614327690802759,0.2760755964653686
8310000.0,2.7584524117646314,-70.82763185389527,0.17671239651040227,0.277276506022726
8320000.0,2.7577073128251737,-70.69379315996946,0.1772840276072234,0.27848315358911
8330000.0,2.7569743330206,-70.56018887429342,0.17785818533693612,0.2796955748686801
8340000.0,2.7562534656669904,-70.42681794722668,0.17843488496625773,0.28091380585277664
8350000.0,2.7555447045605885,-70.29367933275411,0.17901414189153805,0.2821378828227546
8360000.0,2.7548480439787992,-70.16077198845257,0.17959597164016042,0.283367842352854
8370000.0,2.754163478681215,-70.02809487545751,0.18018038987196297,0.2846037213131012
8380000.0,2.753491003910704,-69.89564695843,0.1807674123806652,0.2858455568722468
8390000.0,2.752830615394533,-69.7634272055237,0.18135705509531852,0.2870933865007374
8400000.0,2.7521823093455335,-69.63143458835174,0.18194933408178585,0.28834724797372335
8410000.0,2.751546082463324,-69.49966808195424,0.18254426554422482,0.28960717937410085
8420000.0,2.750921931935565,-69.36812666476538,0.18314186582660177,0.29087321909559055
8430000.0,2.75030985543927,-69.23680931858094,0.18374215141421352,0.2921454058458556
8440000.0,2.7497098511421614,-69.10571502852574,0.18434513893524682,0.2934237786496535
8450000.0,2.7491219177040684,-68.97484278302142,0.18495084516233057,0.2947083768520271
8460000.0,2.7485460542783766,-68.84419157375405,0.18555928701415308,0.2959992401215342
8470000.0,2.74798226051352,-68.71376039564194,0.18617048155704086,0.29729640845351646
8480000.0,2.7474305365545333,-68.58354824680372,0.18678444600661873,0.2985999221734055
8490000.0,2.7468908830446352,-68.45355412852606,0.18740119772944325,0.29990982194007265
8500000.0,2.7463633011268724,-68.32377704523213,0.18802075424468584,0.3012261487492146
8510000.0,2.7458477924458107,-68.19421600444953,0.1886431332258427,0.30254894393678544
8520000.0,2.7453443591492714,-68.0648700167787,0.18926835250242832,0.30387824918246464
8530000.0,2.7448530038901238,-67.93573809586128,0.1898964300617365,0.3052141065131722
8540000.0,2.7443737298281228,-67.80681925834847,0.1905273840506142,0.30655655830662365
8550000.0,2.743906540631798,-67.67811252386961,0.19116123277722535,0.30790564729493036
8560000.0,2.7434514404803965,-67.54961691500085,0.19179799471289166,0.3092614165682424
8570000.0,2.7430084340658794,-67.42133145723362,0.19243768849391651,0.3106239095784368
8580000.0,2.7425775265949603,-67.29325517894361,0.19308033292344454,0.31199317014285116
8590000.0,2.7421587237912126,-67.16538711135954,0.19372594697336626,0.3133692424480645
8600000.0,2.7417520318972084,-67.03772628853184,0.1943745497862094,0.3147521710537208
8610000.0,2.7413574576767363,-66.91027174730182,0.1950261606771003,0.3161420008964055
8620000.0,2.740975008417052,-66.78302252727063,0.19568079913571312,0.31753877729356506
8630000.0,2.7406046919311926,-66.65597767076822,0.1963384848282705,0.3189425459474785
8640000.0,2.7402465165603496,-66.52913622282264,0.19699923759955829,0.3203533529492763
8650000.0,2.7399004911762903,-66.40249723112912,0.19766307747497683,0.3217712447830101
8660000.0,2.7395666251838384,-66.27605974601927,0.19833002466261074,0.3231962683297748
8670000.0,2.7392449285234104,-66.14982282043039,0.19900009955534192,0.32462847087187857
8680000.0,2.738935411673614,-66.02378550987493,0.19967332273296365,0.3260679000970692
8690000.0,2.7386380856539008,-65.89794687240972,0.20034971496436726,0.32751460410281086
8700000.0,2.738352962027272,-65.77230596860534,0.2010292972097058,0.32896863140061594
8710000.0,2.7380800529030553,-65.64686186151579,0.20171209062263382,0.33043003092043177
8720000.0,2.737819370939735,-65.52161361664787,0.20239811655256007,0.33189885201508074
8730000.0,2.7375709293478394,-65.39656030193069,0.20308739654691732,0.33337514446476
8740000.0,2.7373347418928957,-65.27170098768528,0.20377995235348706,0.3348589584815962
8750000.0,2.737110822898441,-65.14703474659419,0.20447580592274706,0.33635034471425623
8760000.0,2.7368991872491035,-65.02256065367112,0.20517497941024584,0.337849354252623
8770000.0,2.736699850393735,-64.89827778623055,0.20587749517902096,0.33935603863252384
8780000.0,2.7365128283486224,-64.77418522385749,0.2065833758020404,0.34087044984052434
8790000.0,2.7363381377007476,-64.6502820483771,0.20729264406469466,0.34239264031878003
8800000.0,2.736175795611124,-64.52656734382441,0.20800532296729748,0.3439226629699549
8810000.0,2.7360258198181953,-64.40304019641414,0.20872143572764415,0.34546057116219764
8820000.0,2.7358882286413015,-64.27969969451033,0.20944100578360714,0.3470064187341892
8830000.0,2.735763040984212,-64.15654492859623,0.21016405679574807,0.34856026000024726
8840000.0,2.735650276338725,-64.03357499124397,0.21089061264998307,0.3501221497555034
8850000.0,2.7355499547883424,-63.910788977084366,0.21162069746028686,0.3516921432811467
8860000.0,2.7354620970120047,-63.78818598277665,0.21235433557142314,0.35327029634973156
8870000.0,2.735386724287909,-63.66576510697837,0.2130915515617217,0.3548566652305585
8880000.0,2.7353238584973845,-63.54352545031506,0.2138323702458984,0.35645130669512487
8890000.0,2.735273522128855,-63.42146611535,0.21457681667791453,0.3580542780226453
8900000.0,2.7352357382818644,-63.29958620655411,0.2153249161538602,0.3596656370056468
8910000.0,2.735210530671177,-63.17788483027552,0.21607669421490872,0.3612854419556346
8920000.0,2.7351979236309605,-63.05636109470949,0.2168321766502927,0.36291375170883616
8930000.0,2.73519794211904,-62.935014109868014,0.21759138950032691,0.3645506256320187
8940000.0,2.735210611721223,-62.81384298754962,0.2183543590594733,0.3661961236283825
8950000.0,2.735235958655715,-62.69284684130896,0.2191211118794627,0.3678503061435376
8960000.0,2.73527400977761,-62.57202478642657,0.21989167477245258,0.3695132341715541
8970000.0,2.735324792583448,-62.45137593987846,0.22066607481420847,0.37118496926109545
8980000.0,2.735388335215876,-62.330899420305755,0.2214443393473966,0.3728655735216352
8990000.0,2.735464666468371,-62.21059434798426,0.22222649598483898,0.37455510962975447
9000000.0,2.735553815790064,-62.090459844794,0.22301257261289087,0.37625364083552504
9010000.0,2.7356558132906255,-61.97049503418873,0.22380259739481423,0.377961230968978
9020000.0,2.7357706897452614,-61.8506990411655,0.22459659877424354,0.3796779444466589
9030000.0,2.7358984765997776,-61.73107099223385,0.2253946054786693,0.3814038462782735
9040000.0,2.736039205975739,-61.61161001538545,0.22619664652298704,0.3831390020734215
9050000.0,2.736192910675718,-61.492315240063306,0.2270027512131006,0.38488347804841994
9060000.0,2.7363596241886285,-61.37318579713111,0.22781294914957825,0.3866373410332237
9070000.0,2.736539380695155,-61.254220818842285,0.22862727023136042,0.38840065847843863
9080000.0,2.7367322150732747,-61.13541943880943,0.22944574465951478,0.39017349846242555
9090000.0,2.736938162903867,-61.016780791973204,0.2302684029410727,0.3919559296985097
9100000.0,2.7371572604764283,-60.89830401457154,0.23109527589289236,0.39374802154228233
9110000.0,2.7373895447948695,-60.77998824410851,0.2319263946455957,0.39554984399900595
9120000.0,2.737635053583425,-60.661832619323235,0.23276179064757307,0.39736146773112085
9130000.0,2.7378938252926535,-60.54383628015886,0.2336014956690275,0.39918296406585385
9140000.0,2.7381658991055335,-60.42599836773118,0.23444554180609284,0.40101440500293345
9150000.0,2.7384513149436738,-60.30831802429737,0.23529396148501996,0.4028558632224132
9160000.0,2.738750113473616,-60.190794393224536,0.23614678746640114,0.4047074120926011
9170000.0,2.739062336113248,-60.07342661895841,0.2370040528494961,0.4065691256781
9180000.0,2.7393880250383162,-59.956213846991574,0.23786579107659034,0.4084410787479619
9190000.0,2.7397272231890573,-59.839155223831895,0.23873203593744094,0.4103233467839551
9200000.0,2.7400799742769255,-59.722249896970766,0.23960282157377344,0.41221600598894614
9210000.0,2.74044632279144,-59.60549701485128,0.2404781824838697,0.41411913329540156
9220000.0,2.740826314007142,-59.48889572683612,0.24135815352720277,0.41603280637400863
9230000.0,2.7412199939906605,-59.37244518317574,0.2422427699291675,0.4179571036424153
9240000.0,2.741627409607904,-59.25614453497599,0.24313206728585107,0.4198921042740987
9250000.0,2.742048608531359,-59.13999293416592,0.24402608156891265,0.4218378882073538
9260000.0,2.742483639247519,-59.02398953346543,0.2449248491305252,0.42379453615441487
9270000.0,2.7429325510644187,-58.908133486352654,0.24582840670837292,0.42576212961070303
9280000.0,2.743395394119303,-58.79242394703138,0.24673679143077282,0.4277407508642067
9290000.0,2.7438722193864167,-58.676860070398206,0.24765004082181855,0.42973048300499805
9300000.0,2.7443630786849234,-58.561441012009816,0.24856819280666942,0.43173140993488407
9310000.0,2.7448680246869404,-58.44616592804976,0.24949128571685322,0.4337436163771956
9320000.0,2.7453871109257224,-58.3310339752954,0.25041935829571643,0.43576718788672003
9330000.0,2.7459203918039607,-58.21604431108457,0.2513524497039087,0.43780221085977494
9340000.0,2.746467922602225,-58.101196093282155,0.2522905995249958,0.4398487725444288
9350000.0,2.747029759487539,-57.98648848024641,0.2532338477711224,0.4419069610508698
9360000.0,2.747605959522093,-57.8719206307953,0.2541822348888031,0.44397686536192443
9370000.0,2.748196580672097,-57.757491704172516,0.2551358017647746,0.44605857534373017
9380000.0,2.74880168181678,-57.64320086001345,0.2560945897319545,0.44815218175656507
9390000.0,2.7494213227575264,-57.529047258310925,0.2570586405754924,0.4502577762658339
9400000.0,2.750055564227165,-57.41503005938083,0.2580279965389307,0.45237545145321556
9410000.0,2.750704467899406,-57.30114842382752,0.25900270033043826,0.45450530082797674
9420000.0,2.7513680963984255,-57.187401512509,0.2599827951291617,0.4566474188384502
9430000.0,2.752046513308612,-57.07378848650207,0.2609683245916883,0.45880190088368394
9440000.0,2.752739783184455,-56.960308507067225,0.2619593328585809,0.4609688433252606
9450000.0,2.7534479715606146,-56.84696073561324,0.26295586456105197,0.4631483434992976
9460000.0,2.7541711449621205,-56.73374433366174,0.263957964827738,0.4653404997286183
9470000.0,2.7549093709147674,-56.620658462811406,0.26496567929156173,0.46754541133511224
9480000.0,2.755662717955656,-56.50770228470222,0.26597905409672806,0.4697631786522757
9490000.0,2.756431255643908,-56.39487496097915,0.266998135905847,0.4719939030379409
9500000.0,2.757215054571552,-56.282175653255926,0.26802297190713076,0.47423768688719875
9510000.0,2.758014186374592,-56.16960352307853,0.2690536098217504,0.4764946336455123
9520000.0,2.7588287237442364,-56.05715773188834,0.2700900979112888,0.4787648478220325
9530000.0,2.759658740438324,-55.944837440985125,0.2711324849853245,0.48104843500311306
9540000.0,2.760504311292921,-55.83264181148993,0.27218082040914704,0.48334550186602937
9550000.0,2.76136551223411,-55.72057000430738,0.27323515411159205,0.4856561561929107
9560000.0,2.762242420289968,-55.608621180088264,0.2742955365930022,0.4879805068848785
9570000.0,2.76313511360273,-55.496794499191274,0.2753620189333337,0.49031866397640617
9580000.0,2.76404367144116,-55.38508912164504,0.27643465280039076,0.4926707386498966
9590000.0,2.764968174213104,-55.27350420710953,0.27751349045819124,0.49503684325048103
9600000.0,2.765908703478257,-55.162038914837275,0.2785985847754875,0.49741709130105344
9610000.0,2.7668653419611378,-55.05069240363452,0.2796899892344223,0.49981159751752885
9620000.0,2.767838173564254,-54.93946383182181,0.28078775793931804,0.5022204778243406
9630000.0,2.7688272833814978,-54.82835235719452,0.28189194562564496,0.5046438493701806
9640000.0,2.769832757711749,-54.717357136982926,0.2830026076691151,0.5070818305439801
9650000.0,2.7708546840726997,-54.60647732781217,0.28411980009492344,0.5095345409911443
9660000.0,2.771893151214897,-54.495712085661786,0.2852435795871936,0.5120021016300362
9670000.0,2.7729482491360136,-54.38506056582489,0.28637400349851677,0.5144846346687212
9680000.0,2.774020069095356,-54.274521922867336,0.2875111298597195,0.5169822636219731
9690000.0,2.7751087036285944,-54.16409531058616,0.2886550173897422,0.5194951133285516
9700000.0,2.776214246562743,-54.05377988196799,0.28980572550573086,0.5220233099687485
9710000.0,2.7773367930313757,-53.94357478914709,0.29096331433327544,0.5245669810822129
9720000.0,2.778476439490084,-53.8334791833629,0.29212784471683817,0.5271262555860593
9730000.0,2.779633283732198,-53.72349221491751,0.2932993782303542,0.529701263793265
9740000.0,2.7808074249047503,-53.61361303313245,0.29447797718802576,0.5322921374313592
9750000.0,2.781998963524706,-53.503840786305545,0.29566370465528746,0.5348990096614114
9760000.0,2.7832080014954528,-53.39417462166701,0.296856624459988,0.5375220150973236
9770000.0,2.7844346421235615,-53.28461368533533,0.29805680120373473,0.5401612898254357
9780000.0,2.785678990135822,-53.175157122272964,0.2992643002734726,0.5428169714244419
9790000.0,2.7869411516965483,-53.06580407624131,0.30047918785322664,0.5454891989856328
9800000.0,2.788221234425176,-52.956553689755566,0.30170153093609353,0.5481781131334623
9810000.0,2.78951934741414,-52.84740510403898,0.30293139733640445,0.5508838560464527
9820000.0,2.7908356012470508,-52.73835745897698,0.30416885570213226,0.5536065714784341
9830000.0,2.7921701080171664,-52.62940989307059,0.30541397552750976,0.5563464047801366
9840000.0,2.79352298134616,-52.52056154338956,0.306666827165861,0.5591035029211321
9850000.0,2.7948943364032086,-52.41181154552518,0.3079274818426698,0.5618780145121354
9860000.0,2.79628428992439,-52.303159033542485,0.30919601166889665,0.5646700898276767
9870000.0,2.7976929602323937,-52.19460313993204,0.3104724896545011,0.5674798808291444
9880000.0,2.799120467256569,-52.08614299556146,0.3117569897222363,0.5703075411882089
9890000.0,2.800566932553285,-51.97777772962618,0.3130495867216744,0.5731532263106359
9900000.0,2.802032479326654,-51.869506469600054,0.3143503564434915,0.5760170933604952
9910000.0,2.803517232449573,-51.761328341185276,0.31565937563401286,0.5788993012847741
9920000.0,2.8050213184851307,-51.65324246826191,0.31697672201001137,0.5818000108384016
9930000.0,2.8065448657083616,-51.54524797283682,0.31830247427379144,0.584719384609691
9940000.0,2.808088004128363,-51.43734397499237,0.3196367121285302,0.5876575870462087
9950000.0,2.809650865510785,-51.32952959283426,0.32097951629390997,0.5906147844810842
9960000.0,2.8112335834006923,-51.22180394243909,0.3223309685220311,0.5935911451597594
9970000.0,2.8128362931458097,-51.11416613780127,0.32369115161362044,0.5965868392671946
9980000.0,2.8144591319201506,-51.00661529077952,0.32506014943454004,0.5996020389555293
9990000.0,2.816102238748054,-50.89915051104266,0.326438046932595,0.6026369183722271
10000000.0,2.8177657545286143,-50.79177090601501,0.32782493015464875,0.6056916536886879
10010000.0,2.8194498220605273,-50.684475580821086,0.32922088626406865,0.60876642312936
10020000.0,2.821154586067352,-50.577263638229766,0.3306260035584835,0.6118614070013434
10030000.0,2.822880193223199,-50.470134178597945,0.33204037148787624,0.6149767877245084
10040000.0,2.8246267921788624,-50.36308629981342,0.3334640806730199,0.6181127498621384
10050000.0,2.8263945335883793,-50.256119097237416,0.33489722292424645,0.62126948015209
10060000.0,2.828183570136045,-50.14923166364618,0.3363398912605844,0.6244471675385049
10070000.0,2.8299940565639004,-50.04242308917226,0.33779217992923716,0.6276460032040716
10080000.0,2.8318261496996677,-49.935692461244926,0.33925418442544264,0.6308661806028485
10090000.0,2.833680008485175,-49.82903886452996,0.34072600151271804,0.6341078954936614
10100000.0,2.8355557940052645,-49.72246138086894,0.3422077292434608,0.6373713459740904
10110000.0,2.8374536695171937,-49.615959089217654,0.343699466979961,0.6406567325150498
10120000.0,2.839373800480541,-49.509531065583886,0.34520131541581,0.6439642579959826
10130000.0,2.8413163545876303,-49.403176382964695,0.3467133765977288,0.6472941277406759
10140000.0,2.8432815017944733,-49.29689411128254,0.348235753947789,0.6506465495537155
10150000.0,2.845269414352246,-49.19068331732114,0.34976855228608766,0.6540217337575823
10160000.0,2.847280266839315,-49.08454306466034,0.35131187785385387,0.6574198932304188
10170000.0,2.8493142361938135,-48.978472413610305,0.35286583833697127,0.6608412434444642
10180000.0,2.851371501746785,-48.872470421144925,0.3544305428900182,0.6642860025051871
10190000.0,2.8534522452559004,-48.76653614083442,0.35600610216070355,0.6677543911911161
10200000.0,2.855556650939766,-48.660668622777166,0.3575926283148386,0.6712466329943945
10210000.0,2.85768490551283,-48.55486691353087,0.3591902350617603,0.6747629541620629
10220000.0,2.859837198220897,-48.44913005604252,0.360799037680261,0.6783035837381002
10230000.0,2.8620137208772665,-48.34345708957801,0.36241915304503824,0.6818687536062213
10240000.0,2.8642146678995086,-48.23784704965056,0.3640506996536455,0.6854586985334629
10250000.0,2.8664402363468855,-48.13229896794829,0.3656937976540058,0.6890736562145646
10260000.0,2.86869062595843,-48.026811872261135,0.3673485688724276,0.692713867317166
10270000.0,2.870966039191698,-47.9213847864067,0.36901513684221376,0.6963795755278321
10280000.0,2.8732666812622183,-47.81601673015511,0.3706936268328276,0.7000710275989398
10290000.0,2.875592760183621,-47.71070671915321,0.37238416587962575,0.7037884733964191
10300000.0,2.877944486808502,-47.605453764847525,0.3740868828142169,0.7075321659483935
10310000.0,2.8803220748700014,-47.50025687440643,0.3758019082954012,0.7113023614947215
10320000.0,2.88272574102413,-47.39511505064131,0.3775293748407483,0.7150993195374599
10330000.0,2.8851557048928553,-47.290027291926705,0.3792694168587992,0.7189233028922845
10340000.0,2.8876121891079576,-47.18499259211948,0.381022170681945,0.7227745777408651
10350000.0,2.890095419355678,-47.08000994047682,0.3827877745999411,0.7266534136842405
10360000.0,2.8926056244221616,-46.97507832157336,0.3845663688941226,0.730560083797189
10370000.0,2.8951430362397375,-46.87019671521717,0.3863580958723123,0.7344948646836446
10380000.0,2.8977078899340247,-46.76536409636463,0.3881630999044461,0.7384580365331548
10390000.0,2.900300423871898,-46.66057943503414,0.3899815274589246,0.7424498831784289
10400000.0,2.9029208797103205,-46.555841696218884,0.3918135271397143,0.7464706921539769
10410000.0,2.905569502446071,-46.45114983979826,0.3936592497242124,0.7505207547558762
10420000.0,2.9082465404663864,-46.346502820448165,0.3955188482019039,0.7546003661026968
10430000.0,2.9109522456005177,-46.241899587550265,0.39739247781380305,0.7587098251975938
10440000.0,2.913686873172236,-46.13733908509977,0.399280296092731,0.7628494349916086
10450000.0,2.9164506820533127,-46.032820251612186,0.4011824629044333,0.7670195024481965
10460000.0,2.919243934717984,-45.92834202002879,0.40309914048954243,0.7712203386090178
10470000.0,2.922066897298409,-45.82390331762073,0.40503049350643705,0.7754522586610064
10480000.0,2.92491983964117,-45.71950306589183,0.4069766890749916,0.7797155820047628
10490000.0,2.927803035364822,-45.6151401804802,0.40893789682126636,0.784010632324288
10500000.0,2.9307167619184993,-45.51081357105831,0.41091428892310905,0.7883377376580935
10510000.0,2.9336613006416323,-45.4065221412319,0.41290604015676186,0.7926972304717158
10520000.0,2.9366369368247685,-45.30226478843729,0.41491332794444225,0.797089447731678
10530000.0,2.939643959771547,-45.19804040383731,0.41693633240293526,0.8015147309809232
10540000.0,2.9426826628618254,-45.093847872215875,0.41897523639323475,0.8059734264157451
10550000.0,2.9457533436159986,-44.98968607187108,0.4210302255712469,0.8104658849642686
10560000.0,2.9488563037605444,-44.88555387450657,0.4231014884395756,0.814992462366514
10570000.0,2.9519918492947936,-44.78145014512164,0.4251892164004537,0.8195535192560623
10580000.0,2.9551602905589744,-44.67737374189968,0.4272936038097781,0.8241494212433796
10590000.0,2.9583619423035623,-44.57332351609499,0.42941484803235735,0.8287805390008323
10600000.0,2.9615971237599283,-44.469298311917925,0.43155314949834817,0.8334472483494354
10610000.0,2.964866158712362,-44.36529696641868,0.43370871176090053,0.8381499303473616
10620000.0,2.9681693755714695,-44.26131830936893,0.4358817415551181,0.842888971380284
10630000.0,2.9715071074489705,-44.157361163142205,0.43807244885826113,0.847664763253551
10640000.0,2.974879692233947,-44.05342434259223,0.4402810469512996,0.8524777032862797
10650000.0,2.9782874726705724,-43.94950665492962,0.4425077524818398,0.8573281944073907
10660000.0,2.9817307964373256,-43.845606899596795,0.4447527855284023,0.8622166452536295
10670000.0,2.9852100162277644,-43.74172386814092,0.4470163696661943,0.867143470269638
10680000.0,2.9887254898328477,-43.63785634408504,0.44929873203427595,0.8721090898101079
10690000.0,2.9922775802248998,-43.53400310279737,0.45160010340427764,0.8771139302440825
10700000.0,2.9958666556431752,-43.43016291135859,0.45392071825065605,0.8821584240614392
10710000.0,2.9994930896811427,-43.32633452842708,0.456260814822487,0.8872430099816311
10720000.0,3.00315726137545,-43.22251670410224,0.45862063521694535,0.8923681330647187
10730000.0,3.0068595552966775,-43.11870817978577,0.4610004254543865,0.8975342448247638
10740000.0,3.0106003616418553,-43.014907688040665,0.4634004355551674,0.9027418033456353
10750000.0,3.01438007632884,-42.91111395244833,0.4658209196182065,0.9079912733992936
10760000.0,3.0181991010925477,-42.80732568746342,0.4682621359013275,0.9132831265666005
10770000.0,3.0220578435831245,-42.703541598266284,0.47072434690347165,0.9186178413607429
10780000.0,3.025956717466063,-42.59976038061342,0.47320781944876267,0.9239959033533074
10790000.0,3.0298961425243327,-42.495980720685594,0.4757128247725393,0.9294178053030833
10800000.0,3.0338765447625633,-42.39220129493333,0.4782396386093485,0.9348840472876754
10810000.0,3.0378983565133213,-42.28842076992036,0.48078854128300874,0.9403951368379755
10820000.0,3.0419620165455408,-42.1846378021645,0.48335981779874854,0.945951589075569
10830000.0,3.0460679701751547,-42.08085103797592,0.48595375793748924,0.9515539268531806
10840000.0,3.0502166693779507,-41.97705911329316,0.48857065635234975,0.9572026808981741
10850000.0,3.0544085729047534,-41.873260653516255,0.4912108126674176,0.9628983899592569
10860000.0,3.058644146398951,-41.7694542733375,0.4938745315788191,0.9686416009564183
10870000.0,3.062923862516421,-41.66563857656938,0.4965621229582118,0.974432869134202
10880000.0,3.067248201047919,-41.56181215596976,0.49927390195870197,0.9802727582184051
10890000.0,3.0716176490440055,-41.45797359306445,0.5020101891232926,0.9861618405762801
10900000.0,3.076032700942534,-41.35412145796674,0.5047713104959108,0.9921006973803381
10910000.0,3.080493858698784,-41.25025430919428,0.5075575977350852,0.9980899187758387
10920000.0,3.085001631918309,-41.14637069348257,0.5103693882303766,1.0041301040520885
10930000.0,3.089556537992533,-41.0424691455961,0.5132070252215695,1.0102218618175944
10940000.0,3.0941591022371986,-40.93854818813585,0.5160708579207766,1.0163658101792372
10950000.0,3.0988098580336914,-40.83460633134386,0.5189612416374759,1.0225625769255202
10960000.0,3.1035093469733592,-40.730642072904836,0.5218785379066044,1.0288127997140306
10970000.0,3.108258119004854,-40.626653897744134,0.5248231146197532,1.035117126263208
10980000.0,3.113056732584595,-40.52264027782266,0.5277953461595924,1.0414762145485512
10990000.0,3.117905754830409,-40.41859967192843,0.5307956135375683,1.0478907330033516
11000000.0,3.122805761678455,-40.31453052546456,0.5338243045350143,1.0543613607241207
11010000.0,3.1277573380434713,-40.21043127023371,0.5368818138477247,1.0608887876807933
11020000.0,3.132761077982469,-40.10630032421923,0.539968543234119,1.0674737149318558
11030000.0,3.137817584861905,-40.00213609136219,0.5430849016670736,1.0741168548445374
11040000.0,3.1429274715284867,-39.89793696133532,0.5462313054895672,1.0808189313201784
11050000.0,3.1480913604836207,-39.793701309312404,0.549408178574175,1.087580680024953
11060000.0,3.153309884061672,-39.68942749573452,0.5526159524866002,1.0944028486260542
11070000.0,3.1585836846120467,-39.58511386607181,0.5558550666533075,1.1012861970335137
11080000.0,3.1639134146852808,-39.480758750581494,0.5591259685333817,1.108231497647808
11090000.0,3.169299737223145,-39.376360464061634,0.5624291137947517,1.1152395356134057
11100000.0,3.174743325752958,-39.27191730560083,0.5657649664948904,1.122311109078426
11110000.0,3.180244864586105,-39.16742755832359,0.569133999266108,1.1294470294605643
11120000.0,3.185805049020982,-39.06288948913128,0.5725366935056075,1.136648121719482
11130000.0,3.19142458555039,-38.95830134843867,0.5759735395703991,1.143915224635822
11140000.0,3.19710419207352,-38.85366136990603,0.5794450369772489,1.1512491910970417
11150000.0,3.2028445981126796,-38.74896777016639,0.5829516946077788,1.158650888390269
11160000.0,3.208646545034798,-38.644218748548234,0.5864940309188914,1.1661211985023439
11170000.0,3.214510786277927,-38.53941248679341,0.5900725741586751,1.1736610184272898
11180000.0,3.2204380875827963,-38.43454714876988,0.5936878625879176,1.1812712604814095
11190000.0,3.2264292272295725,-38.32962088017977,0.5973404447074468,1.1889528526262008
11200000.0,3.2324849962799753,-38.22463180826199,0.6010308794914268,1.1967067387993666
11210000.0,3.2386061988248596,-38.1195780414899,0.6047597366268149,1.2045338792540972
11220000.0,3.244793652237406,-38.0144576692634,0.6085275967591396,1.2124352509068963
11230000.0,3.251048187432112,-37.90926876159576,0.6123350517448146,1.2204118476942003
11240000.0,3.257370649129646,-37.804009368794766,0.6161827049101406,1.228464680938012
11250000.0,3.263761896127815,-37.698677521138215,0.6200711713172777,1.2365947797208607
11260000.0,3.270222801578724,-37.5932712285437,0.6240010780373062,1.2448031912703068
11270000.0,3.2767542532723564,-37.48778848023249,0.6279730644306305,1.2530909813533306
11280000.0,3.283357153926672,-37.38222724438706,0.6319877824349961,1.26145923468083
11290000.0,3.2900324214844794,-37.27658546780296,0.6360458968612499,1.2699090553225925
11300000.0,3.296780989417174,-37.170861075534205,0.6401480856971721,1.278441567132983
11310000.0,3.303603807035606,-37.06505197053181,0.6442950404195992,1.2870579141877445
11320000.0,3.310501839808194,-36.959156033276564,0.6484874663150535,1.2957592612321627
11330000.0,3.3174760696865304,-36.85317112140445,0.6527260828092186,1.3045467941409878
11340000.0,3.3245274954386668,-36.74709506932555,0.6570116238054577,1.3134217203904563
11350000.0,3.3316571329902662,-36.640925687835974,0.6613448380327134,1.322385269542763
11360000.0,3.3388660157738492,-36.534660763722414,0.6657264894030562,1.3314386937433704
11370000.0,3.3461551950863595,-36.42829805935982,0.6701573573791758,1.3405832682315437
11380000.0,3.35352574045527,-36.321835312301275,0.6746382373521618,1.3498202918645175
11390000.0,3.3609787400134365,-36.21527023486048,0.6791699410298515,1.3591510876557005
11400000.0,3.368515300882991,-36.10860051368646,0.6837532968361295,1.3685770033273619
11410000.0,3.376136549568468,-36.00182380933036,0.6883891503214858,1.3780994118782264
11420000.0,3.3838436323594454,-35.89493775580411,0.693078364585203,1.3877197121664655
11430000.0,3.3916377157429665,-35.78793996013087,0.6978218207095738,1.3974393295085217
11440000.0,3.3995199868259984,-35.68082800188712,0.7026204182064719,1.407259716294311
11450000.0,3.4074916537682034,-35.573599432736,0.7074750754767533,1.417182352619255
11460000.0,3.4155539462253386,-35.466251775951896,0.7123867302828162,1.4272087469337202
11470000.0,3.4237081158035485,-35.3587825259361,0.7173563402348436,1.4373404367103804
11480000.0,3.4319554365248646,-35.25118914772331,0.7223848832910656,1.4475789891300685
11490000.0,3.440297205304245,-35.14346907647851,0.7274733582725903,1.4579260017867317
11500000.0,3.4487347424384476,-35.035619716984684,0.7326227853932425,1.4683831034120352
11510000.0,3.457269392107114,-34.92763844312028,0.7378342068048791,1.4789519546203207
11520000.0,3.465902522886349,-34.81952259732721,0.7431086871587432,1.489634248674473
11530000.0,3.4746355282752495,-34.71126949006794,0.7484473141833574,1.5004317122734874
11540000.0,3.4834698272356253,-34.602876399272795,0.7538511992795028,1.511346106362286
11550000.0,3.4924068647454103,-34.49434056977624,0.7593214781328625,1.5223792269646301
11560000.0,3.5014481123660763,-34.385659212742425,0.7648593113449207,1.5335329060398026
11570000.0,3.510595068824504,-34.276829505079284,0.7704658850827237,1.5448090123638638
11580000.0,3.5198492606097034,-34.167848588841764,0.776142411748148,1.5562094524362498
11590000.0,3.52921224258482,-34.05871357062293,0.7818901306673182,1.5677361714125795
11600000.0,3.5386855986148618,-33.94942152093351,0.7877103088008757,1.579391154064481
11610000.0,3.54827094221066,-33.8399694735691,0.7936042414757949,1.5911764257673895
11620000.0,3.557969917189477,-33.73035442496494,0.7995732531394999,1.6030940535171745
11630000.0,3.5677841983527663,-33.62057333353829,0.8056186981370062,1.615146146976567
11640000.0,3.5777154921816257,-33.51062311901742,0.8117419615119421,1.6273348595524115
11650000.0,3.5877655375504363,-33.40050066175766,0.817944459832206,1.6396623895047158
11660000.0,3.597936106459244,-33.290202802043666,0.8242276420411685,1.6521309810885967
11670000.0,3.608229004785443,-33.17972633937809,0.8305929903352745,1.6647429257301984
11680000.0,3.6186460730553076,-33.06906803175592,0.8370420210689622,1.6775005632377271
11690000.0,3.6291891872360647,-32.95822459492427,0.8435762856879091,1.6904062830488213
11700000.0,3.639860259548988,-32.84719270162759,0.8501973716915052,1.703462525515405
11710000.0,3.6506612393042777,-32.735968980837654,0.856906903625681,1.7166717832273752
11720000.0,3.6615941137583237,-32.624550016967994,0.8637065441071041,1.7300366023763911
11730000.0,3.6726609089940307,-32.51293234907275,0.8705979948798761,1.7435595841611307
11740000.0,3.6838636908249707,-32.40111247002906,0.8775829979058958,1.7572433862354762
11750000.0,3.6952045657240173,-32.289086825703336,0.884663336490064,1.771090724201017
11760000.0,3.7066856817772784,-32.17685181410022,0.8918408364416353,1.7851043731454743
11770000.0,3.718309229664086,-32.06440378449448,0.8991173672729541,1.799287169228569
11780000.0,3.7300774436638524,-31.9517390365455,0.9064948434369671,1.8136420113169718
11790000.0,3.741992602690643,-31.838853819393197,0.9139752256049299,1.8281718626700756
11800000.0,3.754057031356325,-31.725744330735953,0.9215605219857131,1.8428797526782967
11810000.0,3.76627310106319,-31.61240671588941,0.9292527896883072,1.857768778655753
11820000.0,3.7786432311269715,-31.498837066826212,0.9370541361290384,1.8728421076891983
11830000.0,3.791169889931249,-31.385031421195844,0.9449667204851908,1.8881029785451917
11840000.0,3.8038555961142237,-31.270985761324294,0.9529927551967466,1.9035547036375366
11850000.0,3.81670291978886,-31.156696013193375,0.9611345075179868,1.9192006710570413
11860000.0,3.829714483797525,-31.042158045398622,0.9693943011208563,1.9350443466658755
11870000.0,3.842892965002195,-30.927367668086045,0.9777745177520187,1.9510892762587067
11880000.0,3.856241095611368,-30.812320631866385,0.986277598945571,1.967339087793022
11890000.0,3.869761664544914,-30.697012626707366,0.9949060477935899,1.9837974936910352
11900000.0,3.8834575188380547,-30.581439280802513,1.0036624307766413,2.0004682932157225
11910000.0,3.8973315650857447,-30.46559615941679,1.0125493796565017,2.0173553749235764
11920000.0,3.9113867709288543,-30.349478763707864,1.0215695934335716,2.0344627191968514
11930000.0,3.925626166583378,-30.233082529522942,1.0307258403712978,2.0517944008580074
11940000.0,3.9400528464142766,-30.116402826170503,1.0400209600903316,2.069354591869374
11950000.0,3.954669970555244,-29.99943495516632,1.0494578657349605,2.0871475641209454
11960000.0,3.9694807665760714,-29.882174148953112,1.059039546214732,2.1051776923095153
11970000.0,3.9844885311991405,-29.76461556959341,1.0687690685241271,2.1234494569123568
11980000.0,3.9996966320666054,-29.646754307435078,1.0786495801432756,2.1419674472587205
11990000.0,4.015108509560189,-29.52858537974862,1.0886843115230163,2.1607363647027813
12000000.0,4.030727678675106,-29.41010372933588,1.0988765786574604,2.179761025901438
12010000.0,4.046557730950127,-29.291304223109503,1.109229785747603,2.1990463662008
12020000.0,4.062602336455652,-29.1721816506424,1.1197474279595512,2.2185974431351525
12030000.0,4.078865245841684,-29.052730722686647,1.1304330942811163,2.238419440042345
12040000.0,4.095350292447931,-28.93294606966106,1.1412904704807088,2.2585176697997733
12050000.0,4.112061394477989,-28.812822240106843,1.1523233421726196,2.278897578685116
12060000.0,4.129002557239922,-28.69235369911087,1.163535597992929,2.2995647503662053
12070000.0,4.146177875455548,-28.57153482669502,1.1749312328905923,2.320524910024645
12080000.0,4.163591535640753,-28.450359916172157,1.1865143515382282,2.3417839286176627
12090000.0,4.18124781855938,-28.328823172466777,1.1982891718676063,2.3633478272831616
12100000.0,4.199151101753236,-28.206918710400572,1.2102600287348384,2.3852227818927916
12110000.0,4.217305862150916,-28.084640552941323,1.2224313777206077,2.4074151277582203
12120000.0,4.2357166787582,-27.96198262941511,1.2348077990709874,2.429931364495765
12130000.0,4.254388235432994,-27.838938773680418,1.247394001784666,2.4527781610548476
12140000.0,4.2733253237476925,-27.715502722263928,1.2601948278526196,2.475962360915709
12150000.0,4.2925328459422625,-27.59166811245658,1.2732152566566113,2.499490987462159
12160000.0,4.312015817971137,-27.46742848036979,1.2864604095331083,2.5233712495350473
12170000.0,4.331779372647416,-27.34277725895041,1.2999355545096034,2.547610547172505
12180000.0,4.35182876288785,-27.217707775954015,1.3136461112205622,2.5722164775429626
12190000.0,4.372169365062293,-27.092213251875197,1.3275976560106528,2.597196841077204
12200000.0,4.392806682451395,-26.966286797834883,1.3417959272331315,2.6225596478056694
12210000.0,4.413746348816501,-26.839921413422836,1.3562468307517663,2.648313123907474
12220000.0,4.434994132086009,-26.71310998449505,1.3709564456550427,2.6744657184777307
12230000.0,4.456555938162289,-26.585845280925035,1.3859310301917116,2.701026110519587
12240000.0,4.4784378148537325,-26.45811995430848,1.4011770279372708,2.7280032161676693
12250000.0,4.5006459559366565,-26.329926535619524,1.4167010742014694,2.7554061961497354
12260000.0,4.523186705351775,-26.201257432818842,1.432510002687211,2.783244463492992
12270000.0,4.546066561540398,-26.07210492841196,1.4486108524119818,2.81152769148192
12280000.0,4.569292181925602,-25.942461176957114,1.465010874903303,2.840265821874162
12290000.0,4.592870387543728,-25.81231820252208,1.4817175416802597,2.869469073380889
12300000.0,4.616808167832213,-25.681667896088427,1.4987385520339385,2.8991479504182953
12310000.0,4.64111268557937,-25.550502012903184,1.516081841119933,2.9293132521361236
12320000.0,4.66579128204256,-25.418812169776434,1.5337555883770346,2.959976081729391
12330000.0,4.690851482241136,-25.286589842324346,1.551768226286717,2.991147856038877
12340000.0,4.716301000430894,-25.15382636215667,1.5701284494888157,3.0228403154456904
12350000.0,4.74214774576716,-25.02051291400803,1.5888452242696647,3.055065534064692
12360000.0,4.768399828163762,-24.886640532811917,1.6079277984396532,3.087835930241077
12370000.0,4.795065564355516,-24.75220010071738,1.6273857116179968,3.121164277353503
12380000.0,4.822153484172401,-24.6171823440466,1.64722880594371,3.155063714926862
12390000.0,4.849672337033497,-24.48157783019375,1.6674672372323343,3.189547760056167
12400000.0,4.877631098669606,-24.345376964463714,1.6881114865993498,3.224630319142552
12410000.0,4.9060389780835845,-24.208569986850442,1.7091723725720764,3.2603256999408043
12420000.0,4.934905424757716,-24.071146968754487,1.7306610637130901,3.296648623916272
12430000.0,4.964240136118265,-23.933097809638753,1.7525890917794444,3.333614238907697
12440000.0,4.994053065267433,-23.794412233622527,1.7749683654432047,3.371238132090158
12450000.0,5.024354428993463,-23.65507978601317,1.7978111846001952,3.409536343230294
12460000.0,5.0551547160702945,-23.51508982977528,1.8211302552953899,3.4485253782233682
12470000.0,5.08646469585846,-23.37443154193702,1.8449387052948074,3.4882222228988407
12480000.0,5.118295427219606,-23.23309390993392,1.8692501003355138,3.528644357077756
12490000.0,5.150658267757532,-23.091065727889276,1.8940784610871344,3.5698097688616537
12500000.0,5.183564883399063,-22.94833559283248,1.91943828085991,3.6117369691280747
12510000.0,5.217027258329091,-22.804891900854418,1.9453445440967,3.6544450062034524
12520000.0,5.251057705294144,-22.660722843201413,1.9718127456880261,3.697953480678033
12530000.0,5.28566887629032,-22.51581640230688,1.998858911152004,3.742282560322186
12540000.0,5.320873773651218,-22.370160347763118,2.026499617722918,3.7874529950554128
12550000.0,5.356685761553068,-22.223742232232887,2.0547520163951933,3.833486131912562
12560000.0,5.393118577954468,-22.076549387302354,2.083633854972107,3.8804039299422626
12570000.0,5.43018634698929,-21.928568919276906,2.1131635021715702,3.92822897496295
12580000.0,5.467903591832,-21.779787704921226,2.1433599728445065,3.976984494090648
12590000.0,5.5062852480555975,-21.630192387145662,2.1742429543647708,4.026694369940154
12600000.0,5.5453466775033196,-21.47976937064112,2.20583283425321,4.077383154387234
12610000.0,5.585103682696326,-21.32850481746481,2.2381507291024683,4.129076081763852
12620000.0,5.625572521800544,-21.17638464257981,2.2712185148733304,4.18179908134074
12630000.0,5.666769924176833,-21.023394509352027,2.3050588586379157,4.235578788931804
12640000.0,5.708713106540165,-20.869519825007636,2.3396952518501952,4.290442557433346
12650000.0,5.7514197897542685,-20.71474573605592,2.375152045229339,4.346418466085932
12660000.0,5.794908216289952,-20.55905712368119,2.411454485347556,4.403535328220002
12670000.0,5.839197168376005,-20.4024385991101,2.448628753019853,4.461822697214998
12680000.0,5.8843059868738266,-20.244874498959277,2.4867020036004126,4.521310870368706
12690000.0,5.930254590907684,-20.086348880570167,2.525702409297339,4.582030890334935
12700000.0,5.977063498284439,-19.926845517338005,2.5656592036256374,4.644014543746108
12710000.0,6.024753846738102,-19.76634789404322,2.606602728126881,4.70729435659041
12720000.0,6.073347416036494,-19.604839202193418,2.64856448149384,4.771903585861786
12730000.0,6.1228666509886445,-19.44230233538627,2.691577171248205,4.837876206943405
12740000.0,6.173334685394147,-19.278719884703357,2.7356747681314193,4.9052468961224225
12750000.0,6.224775366977071,-19.11407413414695,2.7808925633806485,4.974051007563612
12760000.0,6.277213283349428,-18.94834705613276,2.827267229075592,5.044324543992676
12770000.0,6.330673789051456,-18.781520307052475,2.874836881756942,5.116104120255445
12780000.0,6.385183033718304,-18.613575222921426,2.923641149533647,5.189426918826379
12790000.0,6.440767991424911,-18.44449281512913,2.9737212429140065,5.26433063623766
12800000.0,6.497456491263872,-18.27425376631028,3.0251200296159237,5.340853419289911
12810000.0,6.555277249213344,-18.102838426357273,3.0778821136334145,5.419033789783929
12820000.0,6.614259901355428,-17.930226808596185,3.132053918860978,5.49891055638239
12830000.0,6.674435038508023,-17.756398586150315,3.187683777604507,5.580522712068501
12840000.0,6.735834242336385,-17.581333088518377,3.244822024337051,5.663909315515958
12850000.0,6.798490123014323,-17.405009298395566,3.303521095091698,5.749109354522076
12860000.0,6.86243635850784,-17.22740584876996,3.3638356329201757,5.836161589481583
12870000.0,6.927707735558346,-17.048501020327706,3.425822599887965,5.925104374696199
12880000.0,6.994340192446064,-16.868272739205196,3.489541396122327,6.015975455122327
12890000.0,7.062370863618122,-16.68669857512933,3.555053986481437,6.108811735960346
12900000.0,7.131838126270702,-16.50375573998987,3.6224250354712035,6.203649022285538
12910000.0,7.202781648978617,-16.319421086892536,3.691722051100937,6.300521725715093
12920000.0,7.275242442470354,-16.133671109746494,3.7630155384421577,6.399462534902771
12930000.0,7.349262912652012,-15.946481943442667,3.8363791637376843,6.500502046459104
12940000.0,7.424886915988182,-15.757829364686547,3.911889930000436,6.6036683527150455
12950000.0,7.502159817353876,-15.567688793552836,3.9896283651469675,6.708986582592639
12960000.0,7.581128550476446,-15.376035295836967,4.0696787238290755,6.816478391725145
12970000.0,7.661841681093665,-15.182843586283319,4.152129204262395,6.926161397898349
12980000.0,7.744349472958765,-14.988088032779078,4.237072181503141,7.0380485578760075
12990000.0,7.828703956831718,-14.791742661607717,4.3246044587998576,7.152147481750489
13000000.0,7.914959002600938,-14.593781163867558,4.414827538844551,7.268459681140802
13010000.0,8.00317039468818,-14.394176903167324,4.507847916976049,7.386979747877986
13020000.0,8.093395910896284,-14.192902924722155,4.603777398648184,7.507694460297276
13030000.0,8.185695404867406,-13.989931965982898,4.702733443774479,7.630581814935866
13040000.0,8.280130892327056,-13.785236468945225,4.804839540903854,7.755609982350894
13050000.0,8.376766641298683,-13.578788594295183,4.910225614578826,7.8827361869703365
13060000.0,8.475669266481344,-13.370560237563772,5.019028469683956,8.011905512410868
13070000.0,8.576907827992715,-13.16052304747716,5.131392277122311,8.143049635592892
13080000.0,8.680553934688977,-12.948648446705878,5.247469105772067,8.276085495298357
13090000.0,8.786681852283113,-12.734907655233297,5.367419506390902,8.410913903597766
13100000.0,8.895368616493078,-12.519271716584019,5.491413153969957,8.547418111855116
13110000.0,9.00669415146149,-12.301711527173804,5.619629556015409,8.685462346832558
13120000.0,9.12074139369988,-12.082197869064242,5.7522588353822615,8.824890336770803
13130000.0,9.237596421821035,-11.860701446431761,5.889502597633042,8.965523852201358
13140000.0,9.357348592333874,-11.637192926086868,6.031574894486694,9.10716129161087
13150000.0,9.480090681787201,-11.411642982409592,6.178703296810069,9.249576347837666
13160000.0,9.605919035560184,-11.184022347097738,6.331130092848144,9.392516797102283
13170000.0,9.734933723607984,-10.954301864161913,6.489113630065066,9.53570345865643
13180000.0,9.867238703484018,-10.722452550636525,6.65292982217678,9.67882937891922
13190000.0,10.002941990970061,-10.4884456635199,6.822873846811581,9.821559299308696
13200000.0,10.142155838658226,-10.252252773499265,6.999262063896369,9.96352947136051
13210000.0,10.284996922837717,-10.013845846068001,7.18243419051806,10.10434788565853
13220000.0,10.431586539051715,-9.773197330693076,7.372755774904713,10.243594982041248
13230000.0,10.582050806697161,-9.530280258751347,7.570621020613695,10.380824906899504
13240000.0,10.736520883050307,-9.285068351014672,7.7764560224175465,10.515567378561437
13250000.0,10.895133187107666,-9.037536135533326,7.990722488260014,10.647330213221046
13260000.0,11.058029633637213,-8.787659076842889,8.213922037702968,10.775602551167326
13270000.0,11.225357877840507,-8.535413717499026,8.446601187405193,10.899858805947341
13280000.0,11.397271571025465,-8.280777833036158,8.689357159555803,11.019563337525396
13290000.0,11.573930627690839,-8.023730601539484,8.942844681442189,11.134175824788546
13300000.0,11.755501504417637,-7.764252789126719,9.207783985616736,11.243157283570401
13310000.0,11.942157490953916,-7.502326952749204,9.484970273391571,11.345976644819254
13320000.0,12.134079013867767,-7.23793766184518,9.775284973688798,11.442117775127487
13330000.0,12.33145395312324,-6.971071740512674,10.079709220237238,11.531086790442927
13340000.0,12.534477971907904,-6.701718532017239,10.399340090659553,11.612419485539098
13350000.0,12.743354860010164,-6.429870187604202,10.735410312415679,11.685688678992179
13360000.0,12.95829689099899,-6.155521981761069,11.089312359092471,11.75051125817157
13370000.0,13.17952519340843,-5.878672656258328,11.4626281599166,11.806554702981282
13380000.0,13.4072701360625,-5.599324795500735,11.857166060820106,11.853542872137824
13390000.0,13.641771727597503,-5.317485235937141,12.27500726000266,11.891260852267798
13400000.0,13.883280030142688,-5.033165512513115,12.718564776132443,11.91955869781909
13410000.0,14.13205558700475,-4.7463823454042355,13.190659220409717,11.938353927555797
13420000.0,14.388369864063442,-4.457158170542812,13.69461743785552,11.947632689230248
13430000.0,14.652505704426279,-4.165521717741161,14.234402790116523,11.947449555161485
13440000.0,14.92475779569247,-3.871508640537133,14.814790027058928,11.937925964679327
13450000.0,15.205433148956399,-3.57516220221941,15.441604292974098,11.91924738132312
13460000.0,15.494851588412278,-3.276534022857742,16.122054530261213,11.891659280053503
13470000.0,15.793346250114432,-2.9756848925467168,16.865209489429734,11.855462119731515
13480000.0,16.101264088089227,-2.6726856564826065,17.682695656535525,11.811005486607147
13490000.0,16.418966385575892,-2.3676181779286978,18.589752448173115,11.758681614252184
13500000.0,16.74682926869173,-2.0605763855821877,19.60688552949065,11.698918493872934
13510000.0,17.085244219259152,-1.7516674123381222,20.76256781465129,11.632172786709022
13520000.0,17.434618582889726,-1.4410128329462495,22.097873623281746,11.558922738449558
13530000.0,17.79537606768019,-1.1287500085799707,23.674893641745737,11.479661276003233
13540000.0,18.167957228026495,-0.8150335468696781,25.592984289378855,11.394889441594255
13550000.0,18.55281992709307,-0.5000368864955789,28.021597438713606,11.305110290178305
13560000.0,18.95043977035925,-0.18395401598375472,31.25879501093174,11.210823345661364
13570000.0,19.361310501403143,0.13299866311583486,35.611292542478886,11.11251968119951
13580000.0,19.785944349636434,0.45058031796775566,38.035905811195875,11.010677660475096
13590000.0,20.224872318070567,0.7685234999212476,34.02157092170244,10.905759351406786
13600000.0,20.67864439733839,1.086531782092905,30.039051043130065,10.798207601997811
13610000.0,21.14782969009636,1.4042772070826786,27.12068515900164,10.688443750330709
13620000.0,21.633016427573928,1.7213975325917268,24.891128768903798,10.576865927139076
13630000.0,22.134811857377542,2.037493262591564,23.10338126779303,10.463847899748018
13640000.0,22.653841978681246,2.3521244517559694,21.617143025291323,10.349738400112571
13650000.0,23.19075109760978,2.6648072711569313,20.348353372576703,10.23486087672742
13660000.0,23.746201171932068,2.975010323811766,19.24339195018685,10.119513609801025
13670000.0,24.32087091006955,3.2821506995997147,18.266179735387432,10.003970130756198
13680000.0,24.915454584932043,3.5855897604642983,17.391358008873162,9.888479890310762
13690000.0,25.530660518118598,3.884628648735191,16.60045554690835,9.773269123663239
13700000.0,26.167209184646637,4.1785035140013065,15.87961511227798,9.658541866239991
13710000.0,26.82583088252908,4.466380457343728,15.218180794232254,9.544481078733691
13720000.0,27.507262905262234,4.747350196064428,14.607784807168853,9.431249845506088
13730000.0,28.212246148659645,5.020422457501301,14.041736819619327,9.318992615637741
13740000.0,28.941521076497967,5.284520117282334,13.514603489045252,9.207836460844433
13750000.0,29.69582296228011,5.538473105686808,13.021911520547832,9.097892329037567
13760000.0,30.475876317161696,5.781012115867938,12.559933251125827,8.989256276434352
13770000.0,31.28238840695549,6.010762159828964,12.125528762093477,8.882010664790466
13780000.0,32.11604175437513,6.226236032504026,11.716027577932344,8.776225313532423
13790000.0,32.9774855166279,6.425827761363884,11.329138639399137,8.67195859932551
13800000.0,33.867325623583795,6.60780613893807,10.962880831425974,8.56925849794741
13810000.0,34.786113558513485,6.770308458778452,10.61552869388413,8.468163565290347
13820000.0,35.73433366254615,6.911334601935565,10.285569510143532,8.368703855913273
13830000.0,36.71238884628791,7.028741651137121,9.971669034540424,8.270901778859717
13840000.0,37.7205845984557,7.120239243629982,9.672643858189492,8.174772891481355
13850000.0,38.759111193065614,7.1833859110061375,9.38743893212433,8.080326632798338
13860000.0,39.82802401493798,7.215586695012732,9.115109137774907,7.987566998523524
13870000.0,40.92722194952551,7.214092371823554,8.854804063358886,7.89649316030847
13880000.0,42.056423818944694,7.176000662657259,8.60575534161423,7.807100032062388
13890000.0,43.21514289327755,7.098259854680517,8.367266050270079,7.719378786378614
13900000.0,44.40265956648986,6.977675301017566,8.138701786056197,7.633317324194236
13910000.0,45.61799236129589,6.810919309982662,7.91948310588348,7.548900700830667
13920000.0,46.85986751848758,6.594544968228725,7.709079092124433,7.4661115115283305
13930000.0,48.12668753466957,6.3250044664598875,7.507001847718135,7.384930239511587
13940000.0,49.41649913840558,5.998672504967018,7.312801764751226,7.305335569512207
13950000.0,50.72696133793683,5.611875343997671,7.126063439874582,7.22730466954986
13960000.0,52.05531433207632,5.1609260246388295,6.946402133352123,7.150813443623017
13970000.0,53.398350246116976,4.642166212739429,6.773460687155169,7.075836757809121
13980000.0,54.75238683104914,4.0520150045519046,6.606906832402802,7.002348642115501
13990000.0,56.113245439151996,3.3870248716640994,6.4464308284208185,6.930322470263335
14000000.0,57.47623475144588,2.643944708910542,6.291743385378785,6.85973111943026
14010000.0,58.83614186915395,1.8197896786774557,6.1425738303439745,6.790547111824873
14020000.0,60.18723247613478,0.9119172176876198,5.998668483034248,6.722742739819903
14030000.0,61.523261813957774,-0.08189180858807532,5.859789212846173,6.6562901762313365
14040000.0,62.83749816639627,-1.1633482445966266,5.725712153102843,6.591161571197717
14050000.0,64.12276040615012,-2.333567972838388,5.596226552092421,6.52732913699099
14060000.0,65.37147089636453,-3.592985791411728,5.471133743481758,6.464765221972285
14070000.0,66.57572464999825,-4.941272643012017,5.350246221215105,6.403442374799683
14080000.0,67.72737512576474,-6.3772593824602914,5.233386806121381,6.343333399893252
14090000.0,68.81813638441561,-7.898870557137393,5.120387893237929,6.284411405071088
14100000.0,69.83970056036371,-9.503071821730742,5.0110907703628165,6.226649842183833
14110000.0,70.78386875181651,-11.185834574652311,4.9053449996271095,6.170022541497941
14120000.0,71.64269254312698,-12.942121154463639,4.803007854962536,6.114503740505207
14130000.0,72.40862250438575,-14.765893448624745,4.703943809267196,6.060068107770823
14140000.0,73.07465923364386,-16.65014703914296,4.608024065865202,6.00669076237274
14150000.0,73.63450188908932,-18.58697205681854,4.51512612953431,5.954347289429746
14160000.0,74.08268877153664,-20.56764077773895,4.425133412962308,5.903013752167046
14170000.0,74.41472442015738,-22.582720735711796,4.3379348749950015,5.8526667009222155
14180000.0,74.62718791541647,-24.622210824986787,4.25342468747563,5.803283179453938
14190000.0,74.7178176553979,-26.675696624432984,4.171501927852892,5.75484072887924
14200000.0,74.68556876714091,-28.732520086360427,4.0920702950613395,5.7073173895305835
14210000.0,74.53064048391339,-30.781957892186927,4.015037846464036,5.660691700994556
14220000.0,74.2544721851139,-32.81340225719197,3.9403167538957935,5.614942700566531
14230000.0,73.85970825937603,-34.81653781468552,3.8678230770614954,5.570049920330344
14240000.0,73.35013340444652,-36.781508440066226,3.797476552735368,5.5259933830505314
14250000.0,72.73058131160457,-38.6990684669488,3.729200398372416,5.482753597043823
14260000.0,72.00682080262403,-40.560713647916856,3.662921128890951,5.440311550179286
14270000.0,71.18542432087209,-42.358788343359386,3.5985683855127464,5.398648703139404
14280000.0,70.27362418152182,-44.08656668883212,3.536074775662206,5.3577469820604655
14290000.0,69.27916214702701,-45.73830679511106,3.4753757230251874,5.317588770656839
14300000.0,68.21013773123555,-47.30927828143832,3.4164093269579006,5.278156901922357
14310000.0,67.07486019225935,-48.79576455180816,3.359116230514432,5.239434649491195
14320000.0,65.88170851202456,-50.19504213729266,3.30343949643143,5.201405718730902
14330000.0,64.63900285048241,-51.50534010871419,3.2493244904711585,5.164054237632368
14340000.0,63.354890077386024,-52.72578300128285,3.196718771578256,5.127364747552668
14350000.0,62.037245091620186,-53.85632089455814,3.14557198835673,5.091322193861376
14360000.0,60.69358879367137,-54.89765028239905,3.0958357814159623,5.0559119165332564
14370000.0,59.33102282400158,-55.85112918429698,3.0474636911756776,5.0211196407260505
14380000.0,57.956180546833274,-56.718689633675865,3.0004110707538416,4.98693146737614
14390000.0,56.575193259507834,-57.50275027316188,2.9546350035944533,4.953333863841232
14400000.0,55.19367024407911,-58.20613133177331,2.9100942255200324,4.920313654614869
14410000.0,53.81669104274865,-58.83197378926776,2.8667490509195237,4.8878580121340525
14420000.0,52.44880821795505,-59.38366407660652,2.82456130280608,4.855954447698642
14430000.0,51.09405883316832,-59.864765239475,2.783494246499444,4.824590802517691
14440000.0,49.75598294196399,-60.278955117779915,2.7435125267071987,4.793755238895983
14450000.0,48.43764748106836,-60.6299717756584,2.704582107796432,4.76343623157174
14460000.0,47.14167410967944,-60.92156615624994,2.66667021706257,4.733622559214239
14470000.0,45.87026970674562,-61.15746173184937,2.6297452908169032,4.7043032960888045
14480000.0,44.62525841696671,-61.34132076890519,2.593776923126935,4.675467803894694
14490000.0,43.408114314945124,-61.476716722710954,2.5587358170556422,4.647105723780413
14500000.0,42.21999392761204,-61.567112211764595,2.5245937382566557,4.619206968539558
14510000.0,41.06176801270202,-61.615841989623526,2.49132347079205,4.591761714989452
14520000.0,39.934052132491196,-61.62610032589619,2.458898775048535,4.5647603965336305
14530000.0,38.8372356857915,-61.60093222159925,2.4272943476364564,4.538193695908962
14540000.0,37.77150916694331,-61.543227912033885,2.3964857831631194,4.512052538116808
14550000.0,36.736889508961745,-61.4557201479785,2.366449537779452,4.486328083537638
14560000.0,35.73324344019649,-61.34098378958016,2.337162894405342,4.461011721227713
14570000.0,34.76030884144412,-61.20143729383817,2.3086039295447986,4.436095062395923
14580000.0,33.817714135164394,-61.039345723712046,2.2807514816078505,4.411569934058687
14590000.0,32.90499577203745,-60.856824952941174,2.2535851206611572,4.387428372870465
14600000.0,32.021613904307735,-60.655846784446595,2.2270851195338395,4.363662619126906
14610000.0,31.166966351810135,-60.43824474090795,2.2012324262097596,4.340265110937921
14620000.0,30.340400976685082,-60.20572032331595,2.176008637441185,4.317228478567147
14630000.0,29.541226587903108,-59.95984956678691,2.151395973522937,4.2945455389347735
14640000.0,28.768722497884546,-59.702089752663014,2.1273772541692644,4.27220929028002
14650000.0,28.022146851724045,-59.4337861620325,2.10393587543939,4.250212906979904
14660000.0,27.300743845534733,-59.156178778472324,2.0810557876602376,4.228549734520459
14670000.0,26.603749944924196,-58.87040886731674,2.058721474298289,4.207213284617011
14680000.0,25.930399208054062,-58.577525375355116,2.0369179317345614,4.186197230479471
14690000.0,25.279927810602352,-58.27849110887967,2.0156306498998493,4.165495402219291
14700000.0,24.651577862491095,-57.97418865971227,1.9948455937291136,4.145101782394095
14710000.0,24.044600598768668,-57.66542605854055,1.9745491853964676,4.125010501686426
14720000.0,23.458259019688544,-57.352942142841165,1.9547282872942742,4.10521583471298
14730000.0,22.891830047941575,-57.03741163310592,1.9353701857214287,4.085712195960562
14740000.0,22.344606264285815,-56.7194499162418,1.9164625752482483,4.0664941358453515
14750000.0,21.81589727650476,-56.39961753907695,1.8979935437266018,4.047556336891815
14760000.0,21.30503077076723,-56.07842441804874,1.8799515579158483,4.028893610027811
14770000.0,20.811353289062463,-55.75633377353061,1.862325449696551,4.010500890992622
14780000.0,20.334230771433866,-55.43376579899485,1.8451044028452142,3.9923732368542826
14790000.0,19.87304889724969,-55.11110107643734,1.8282779403450058,3.974505822633267
14800000.0,19.42721325566656,-54.78868375028337,1.811835912208105,3.9568939380289776
14810000.0,18.996149371790292,-54.46682447245594,1.7957684837872692,3.9395329842462594
14820000.0,18.579302611736914,-54.14580313146581,1.780066124554502,3.9224184709185255
14830000.0,18.17613798687215,-53.82587137835823,1.764719597326542,3.9055460131248245
14840000.0,17.78613987487911,-53.50725496214741,1.7497199479172862,3.8889113284977093
14850000.0,17.40881167298671,-53.1901558870497,1.735058495198609,3.8725102344192
14860000.0,17.043675396630718,-52.87475440340818,1.7207268215517417,3.856338645302052
14870000.0,16.69027123500219,-52.561210843716395,1.7067167636923377,3.8403925699536674
14880000.0,16.34815707333445,-52.24966731462027,1.6930204038529681,3.824668109019949
14890000.0,16.016907990377476,-51.94024925522419,1.6796300613079027,3.809161452506775
14900000.0,15.696115738264705,-51.63306687145082,1.6665382842252852,3.793868877376372
14910000.0,15.385388210907113,-51.328216455641645,1.6537378418329738,3.778786745216409
14920000.0,15.08434890609791,-51.0257816000116,1.6412217168846344,3.7639114999794527
14930000.0,14.792636385691953,-50.72583431202258,1.6289830984133964,3.7492396657904363
14940000.0,14.509903737508814,-50.42843603920254,1.6170153747610083,3.7347678448200976
14950000.0,14.235818041988649,-50.13363861042424,1.605312126870972,3.7204927152222367
14960000.0,13.970059846090503,-49.84148510016321,1.593867121834587,3.7064110291327066
14970000.0,13.712322646461919,-49.552010621789364,1.5826743066794435,3.692519610728242
14980000.0,13.46231238350546,-49.26524305550308,1.5717278023902501,3.678815354343095
14990000.0,13.219746947629643,-48.981203716113725,1.5610218981525636,3.665295222641784
15000000.0,12.984355698671399,-48.69990796546358,1.5505510458100866,3.651956244845991
15010000.0,12.755878999231145,-48.42136577393781,1.5403098545269467,3.638795515014005
15020000.0,12.534067762445453,-48.14558223515902,1.5302930856464978,3.6258101903709457
15030000.0,12.318683014542048,-47.872558037646584,1.5204956477387421,3.612997489688195
15040000.0,12.109495472368408,-47.602289896924994,1.5109125918286863,3.600354691710434
15050000.0,11.906285135958306,-47.334770951292036,1.501539106798384,3.5878791336287614
15060000.0,11.70884089609266,-47.06999112420245,1.4923705149556354,3.5755682095984342
15070000.0,11.51696015672426,-46.80793745598869,1.4834022677627776,3.563419369299844
15080000.0,11.330448472060596,-46.54859440741961,1.4746299417190836,3.5514301165412685
15090000.0,11.149119198043419,-46.291944137401245,1.4660492343907108,3.53959800790214
15100000.0,10.972793157914532,-46.037966756935134,1.4576559605824095,3.5279206514155264
15110000.0,10.801298321520013,-45.7866405612788,1.449446048645324,3.516395705288549
15120000.0,10.634469497978806,-45.53794224209878,1.4414155369155957,3.505020876659611
15130000.0,10.472148041317011,-45.29184708125534,1.4335605702786445,3.4937939203911665
15140000.0,10.314181568658231,-45.048329127731975,1.4258773968542298,3.482712637897032
15150000.0,10.16042369054654,-44.80736135909238,1.4183623647975596,3.471774876003018
15160000.0,10.010733752977274,-44.56891582874118,1.4110119192120416,3.4609785258399737
15170000.0,9.864976590706256,-44.332963800156364,1.4038225991692972,3.4503215217681245
15180000.0,9.723022291410668,-44.09947586916715,1.3967910348323198,3.4398018403317487
15190000.0,9.584745970279718,-43.868422075265165,1.3899139446779003,3.4294174992432693
15200000.0,9.450027554617751,-43.63977200285327,1.3831881328144555,3.4191665563958513
15210000.0,9.318751578051078,-43.413494873264455,1.37661048639165,3.4090471089035463
15220000.0,9.190806983939078,-43.189559628314385,1.3701779730983659,3.3990572921682123
15230000.0,9.06608693760018,-42.967935006089654,1.363887638745672,3.3891952789723656
15240000.0,8.944488646973756,-42.748589609615244,1.3577366049315784,3.379459278597108
15250000.0,8.825913191351285,-42.53149196899285,1.3517220667845113,3.369847535964407
15260000.0,8.710265357821996,-42.316610597554075,1.3458412907825978,3.3603583308030025
15270000.0,8.597453485090048,-42.103914042526796,1.340091612645943,3.3509899768371514
15280000.0,8.487389314332592,-41.89337093067269,1.3344704352991044,3.3417408209975252
15290000.0,8.379987846781882,-41.68495000931856,1.3289752269013058,3.3326092426536693
15300000.0,8.27516720772451,-41.478620183165674,1.3236035189417885,3.3235936528672494
15310000.0,8.17284851662556,-41.274350547234626,1.3183529043979658,3.3146924936655187
15320000.0,8.072955763095624,-41.07211041627005,1.3132210359540601,3.305904237334433
15330000.0,7.975415688431421,-40.87186935090648,1.308205624278009,3.2972273857306824
15340000.0,7.88015767247205,-40.67359718086922,1.3033044363545676,3.2886604696122506
15350000.0,7.787113625524119,-40.47726402546469,1.2985152938725395,3.280202047986832
15360000.0,7.696217885119249,-40.28284031159081,1.2938360716641537,3.271850707477554
15370000.0,7.607407117379548,-40.09029678948271,1.2892646961948195,3.2636050617056114
15380000.0,7.520620222774911,-39.89960454638867,1.2847991441013231,3.255463750689177
15390000.0,7.435798246067131,-39.7107350183567,1.2804374407768069,3.2474254402581546
15400000.0,7.35288429024529,-39.52366000029802,1.276177659000923,3.2394888214844024
15410000.0,7.271823434264375,-39.33835165447785,1.2720179176133901,3.23165261012673
15420000.0,7.192562654410809,-39.15478251757563,1.2679563802296443,3.2239155460905704
15430000.0,7.115050749122964,-38.97292550644,1.2639912539968718,3.216276392901527
15440000.0,7.039238267107245,-38.7927539226596,1.2601207883892063,3.2087339371927595
15450000.0,6.965077438593585,-38.614241456055126,1.2563432740405989,3.2012869882054664
15460000.0,6.892522109585125,-38.43736218719377,1.2526570416140623,3.1939343773023565
15470000.0,6.821527678961786,-38.26209058901718,1.2490604607060993,3.1866749574935658
15480000.0,6.752051038304461,-38.08840152766557,1.245551938785005,3.1795076029747085
15490000.0,6.684050514313968,-37.9162702625766,1.2421299201619136,3.1724312086767705
15500000.0,6.617485813703551,-37.745672445928605,1.2387928849935044,3.1654446898273925
15510000.0,6.552317970450573,-37.57658412149294,1.2355393483152033,3.1585469815233354
15520000.0,6.488509295298151,-37.40898172295573,1.2323678591038987,3.1517370383137133
15530000.0,6.42602332740278,-37.242842071762496,1.2292769993691306,3.1450138337937497
15540000.0,6.3648247880293365,-37.07814237453694,1.226265383271838,3.1383763602087495
15550000.0,6.304879536198957,-36.914860220118584,1.2233316562696666,3.131823628067965
15560000.0,6.246154526200497,-36.752973576261695,1.2204744942879877,3.125354665768118
15570000.0,6.188617766880467,-36.59246078603473,1.2176926029157455,3.1189685192262853
15580000.0,6.132238282630051,-36.43330056395429,1.2149847166253263,3.112664251521891
15590000.0,6.076986075992233,-36.27547199188683,1.2123495980156143,3.1064409425475685
15600000.0,6.022832091815441,-36.118954514747244,1.2097860370774844,3.1002976886685976
15610000.0,5.969748182884031,-35.9637279360217,1.2072928504809868,3.094233602390754
15620000.0,5.9177070769585844,-35.809772413138575,1.204868880883502,3.088247812036261
15630000.0,5.866682345163187,-35.65706845271115,1.2025129962581822,3.082339461427685
15640000.0,5.816648371658996,-35.50559690567191,1.2002240892420106,3.0765077095795155
15650000.0,5.767580324546836,-35.35533896231729,1.198001076502837,3.070751730397254
15660000.0,5.719454127943919,-35.20627614728002,1.1958428981247673,3.0650707123837417
15670000.0,5.672246435182941,-35.0583903144447,1.1937485170113136,3.059463858352641
15680000.0,5.625934603083705,-34.911663641820965,1.1917169183057517,3.05393038514877
15690000.0,5.580496667250001,-34.7660786263864,1.1897471088280853,3.0484695233751506
15700000.0,5.53591131834688,-34.62161807891148,1.187838116528125,3.0430805171266146
15710000.0,5.492157879315391,-34.478265118777216,1.1859889899541363,3.037762623729739
15720000.0,5.449216283483716,-34.336003168793866,1.1841987977365993,3.0325151134889716
15730000.0,5.407067053536218,-34.19481595003158,1.1824666280865195,3.0273372694387986
15740000.0,5.365691281302686,-34.05468747666778,1.1807915883079572,3.0222283871017552
15750000.0,5.325070608333031,-33.91560205086134,1.1791728043241736,3.0171877742521707
15760000.0,5.2851872072230694,-33.7775442576573,1.17760942021708,3.012214750685422
15770000.0,5.246023763659796,-33.640498959929324,1.176100597779531,3.0073086479926627
15780000.0,5.2075634591551125,-33.50445129336421,1.1746455160800438,3.0024688093407788
15790000.0,5.1697899544389365,-33.36938666149308,1.1732433710395946,2.9976945892575144
15800000.0,5.132687373483602,-33.235290730772974,1.1718933750200602,2.9929853534215405
15810000.0,5.0962402881333,-33.10214942572293,1.170594756424023,2.9883404784574905
15820000.0,5.060433703312631,-32.96994892411661,1.1693467593054891,2.9837593517356407
15830000.0,5.02525304279047,-32.83867565223494,1.1681486429912764,2.979241371176277
15840000.0,4.9906841354759175,-32.708316280180995,1.1669996817127046,2.974785945058573
15850000.0,4.956713202223973,-32.578857717258416,1.165899164247236,2.9703924918338136
15860000.0,4.923326843130244,-32.45028710741572,1.164846393569832,2.966060439942957
15870000.0,4.890512025294221,-32.32259182475772,1.1638406865136846,2.9617892276383095
15880000.0,4.858256071032155,-32.195759469125065,1.1628813734400552,2.9575783028093308
15890000.0,4.826546646520861,-32.069777861742594,1.1619677979169316,2.9534271228123425
15900000.0,4.795371750855248,-31.944635040937893,1.161099316406261,2.949335154304157
15910000.0,4.764719705502467,-31.82031925792972,1.1602752979594702,2.9453018730794382
15920000.0,4.734579144136918,-31.696818972687492,1.1594951239210554,2.941326763911754
15930000.0,4.704939002840634,-31.574122849861187,1.1587581876399704,2.93740932039822
15940000.0,4.675788510654432,-31.452219754782323,1.1580638941886303,2.9335490448076236
15950000.0,4.647117180465888,-31.331098749535705,1.1574116600892261,2.9297454479319804
15960000.0,4.618914800220629,-31.210749089101537,1.1568009130472219,2.9259980489413904
15970000.0,4.591171424444264,-31.0911602175681,1.156231091691745,2.9223063752421634
15980000.0,4.563877366062618,-30.972321764413937,1.1557016453227411,2.918669962338116
15990000.0,4.537023188508572,-30.85422354085993,1.1552120336646101,2.915088353694934
16000000.0,4.510599698104247,-30.736855536289468,1.1547617266262427,2.9115611006075746
16010000.0,4.484597936707946,-30.6202079147377,1.1543502040671392,2.908087762070603
16020000.0,4.459009174615334,-30.50427101144751,1.1539769555695525,2.9046679046514052
16030000.0,4.433824903705246,-30.38903532949274,1.1536414802164305,2.901301102366209
16040000.0,4.409036830820641,-30.27449153646754,1.1533432863749602,2.897986936558838
16050000.0,4.384636871375493,-30.160630461240252,1.1530818914856191,2.8947249957821453
16060000.0,4.360617143179324,-30.047443090772372,1.1528568218565327,2.8915148756820552
16070000.0,4.336969960470801,-29.934920567000567,1.152667612462981,2.888356178884155
16080000.0,4.313687828152604,-29.82305418378124,1.1525138067519378,2.885248514882787
16090000.0,4.290763436219958,-29.711835383896922,1.152394956451487,2.8821914999325497
16100000.0,4.268189654375476,-29.601255756122946,1.1523106213849514,2.8791847569422107
16110000.0,4.245959526823464,-29.491307032354335,1.1522603692896614,2.876227915370903
16120000.0,4.224066267236818,-29.381981084790823,1.152243775640156,2.873320611126633
16130000.0,4.202503253890207,-29.27326992318007,1.1522604234757603,2.870462486466947
16140000.0,4.1812640249534105,-29.16516569211735,1.1523099032323836,2.8676531899018274
16150000.0,4.16034227393882,-29.057660668401194,1.1523918125784118,2.8648923760986715
16160000.0,4.1397318452974385,-28.95074725844354,1.1525057562546084,2.862179705789328
16170000.0,4.119426730158052,-28.844417995733856,1.1526513459178964,2.859514845679195
16180000.0,4.099421062204218,-28.738665538355946,1.1528281999889012,2.8568974683582518
16190000.0,4.07970911368421,-28.63348266655655,1.153035943503197,2.8543272522140772
16200000.0,4.060285291548906,-28.52886228036469,1.1532742079660865,2.8518038813466986
16210000.0,4.041144133713264,-28.424797397260818,1.1535426312108805,2.8493270454853397
16220000.0,4.022280305436714,-28.32128114989495,1.1538408572605472,2.8468964399069416
16230000.0,4.003688595818415,-28.218306783852533,1.1541685361926348,2.844511765356489
16240000.0,3.9853639144031012,-28.115867655467316,1.1545253240074267,2.842172727969031
16250000.0,3.967301287893766,-28.01395722968021,1.1549108824991718,2.8398790391934243
16260000.0,3.9494958569672365,-27.912569077943072,1.1553248791303496,2.837630415717705
16270000.0,3.9319428731892105,-27.811696876166998,1.1557669869088958,2.8354265793961155
16280000.0,3.9146376960250757,-27.711334402713277,1.1562368842682793,2.8332672571776927
16290000.0,3.8975757899432977,-27.611475536427246,1.1567342549503772,2.831152181036415
16300000.0,3.880752721608101,-27.51211425471325,1.1572587878910536,2.8290810879028743
16310000.0,3.8641641571583687,-27.413244631650265,1.1578101771084095,2.8270537195974454
16320000.0,3.8478058595697284,-27.314860836147275,1.1583881215935545,2.8250698227648834
16330000.0,3.8316736860970844,-27.216957130137633,1.158992325203948,2.8231291488103882
16340000.0,3.815763585794679,-27.119527866811286,1.1596224965591249,2.821231453837034
16350000.0,3.800071597111179,-27.02256748888435,1.1602783489388342,2.819376498584598
16360000.0,3.784593845557115,-26.92607052690514,1.1609596001834646,2.8175640483696873
16370000.0,3.7693265414423487,-26.83003159759591,1.1616659725967355,2.815793873027235
16380000.0,3.7542659776810696,-26.73444540222925,1.162397192850587,2.8140657468532453
16390000.0,3.7394085276621745,-26.639306725039035,1.1631529918921908,2.8123794485488114
16400000.0,3.7247506431827198,-26.54461043166428,1.1639331048530503,2.8107347611653695
16410000.0,3.7102888524424626,-26.450351467626046,1.1647372709601527,2.8091314720511815
16420000.0,3.696019758097359,-26.35652485683613,1.1655652334490412,2.807569372798978
16430000.0,3.681940035370106,-26.26312570013698,1.166416739478873,2.8060482591947915
16440000.0,3.668046430215859,-26.170149173872232,1.167291540049314,2.8045679311679117
16450000.0,3.6543357575412836,-26.077590528487026,1.1681893899192795,2.803128192742001
16460000.0,3.640804899475211,-25.98544508715794,1.1691100475274445,2.8017288519872388
16470000.0,3.6274508036892072,-25.893708244450885,1.1700532749145085,2.8003697209736393
16480000.0,3.614270481766403,-25.8023754650074,1.1710188376471418,2.799050615725342
16490000.0,3.601261007617105,-25.71144228225841,1.1720065047435615,2.7977713561759834
16500000.0,3.5884195159395587,-25.62090429716411,1.173016048600768,2.796531766125101
16510000.0,3.575743200724508,-25.530757176980586,1.1740472449232984,2.795331673195498
16520000.0,3.563229313802112,-25.44099665405175,1.1750998726535422,2.794170908791622
16530000.0,3.550875163429845,-25.351618524626303,1.17617371390352,2.7930493080588894
16540000.0,3.538678112920131,-25.262618647699064,1.1772685538881569,2.7919667098439893
16550000.0,3.5266355793063773,-25.173992943876325,1.1783841808599227,2.790922956656074
16560000.0,3.5147450320462674,-25.08573739426449,1.1795203860449095,2.789917894628896
16570000.0,3.503003991761089,-24.997848039381516,1.1806769635802112,2.7889513734838367
16580000.0,3.4914100290100043,-24.910320978090912,1.1818537104526468,2.7880232464938075
16590000.0,3.479960763098116,-24.823152366557228,1.1830504264387771,2.78713337044803
16600000.0,3.4686538609173594,-24.736338417223212,1.1842669140461233,2.7862816056176722
16610000.0,3.457487035819117,-24.649875397807723,1.1855029784556794,2.785467815722313
16620000.0,3.446458046517634,-24.563759630324082,1.186758427465562,2.784691867897233
16630000.0,3.4355646960232438,-24.47798749011841,1.1880330714358425,2.783953632661525
16640000.0,3.4248048306045202,-24.392555404927283,1.1893267232345288,2.7832529838870004
16650000.0,3.4141763387784803,-24.30745985395499,1.1906391981846314,2.7825897987678783
16660000.0,3.4036771503279013,-24.22269736696886,1.191970314012326,2.7819639577912363
16670000.0,3.393305235345042,-24.138264523413216,1.19331989079618,2.781375344708249
16680000.0,3.3830586033008947,-24.054157951541043,1.194687750917389,2.7808238465061548
16690000.0,3.3729353021392248,-23.970374327563206,1.1960737190110413,2.780309353380966
16700000.0,3.362933417394621,-23.88691037481462,1.197477621918352,2.7798317587109067
16710000.0,3.353051071333894,-23.803762862937194,1.198899288639862,2.7793909590305623
16720000.0,3.3432864221200806,-23.720928607079227,1.2003385502895796,2.7789868540057387
16730000.0,3.333637662998366,-23.638404467110334,1.2017952400500322,2.7786193464090148
16740000.0,3.324103021503338,-23.55618734685252,1.2032691931282053,2.778288342095984
16750000.0,3.3146807586869027,-23.474274193326234,1.2047602467123795,2.7779937499821585
16760000.0,3.30536916836622,-23.392661996011363,1.2062682399297864,2.7777354820205544
16770000.0,3.2961665763911574,-23.31134778612299,1.2077930138051325,2.7775134531799237
16780000.0,3.287071339930594,-23.23032863590121,1.2093344112199125,2.7773275814236422
16790000.0,3.2780818467771056,-23.14960165791515,1.2108922768725336,2.777177787689226
16800000.0,3.269196514669458,-23.06916400438062,1.2124664572392092,2.777063995868497
16810000.0,3.2604137906323656,-22.989012866490864,1.2140568005356192,2.776986132788345
16820000.0,3.251732150333111,-22.909145473760898,1.2156631566793121,2.7769441281921434
16830000.0,3.2431500974544054,-22.829559093384194,1.21728537725281,2.7769379147217195
16840000.0,3.2346661630831663,-22.750251029602058,1.2189233154674883,2.77696742789999
16850000.0,3.226278905114631,-22.67121862308531,1.2205768261280643,2.777032606114131
16860000.0,3.217986907671478,-22.59245925032793,1.2222457655978176,2.777133390599367
16870000.0,3.2097887805374357,-22.513970323052234,1.2239299917644755,2.7772697254233454
16880000.0,3.2016831586050474,-22.43574928762596,1.2256293640067248,2.7774415574710494
16890000.0,3.1936687013371277,-22.357793624489936,1.2273437431613585,2.777648836430326
16900000.0,3.1857440922415825,-22.28010084759743,1.2290729914910712,2.777891514777934
16910000.0,3.1779080383591722,-22.202668503863727,1.2308169726528175,2.778169547766174
16920000.0,3.170159269763894,-22.125494172626485,1.2325755516668047,2.7784828934100534
16930000.0,3.1624965390755895,-22.048575465116283,1.2343485948860475,2.778831512475004
16940000.0,3.1549186209844917,-21.971910023937223,1.2361359699664871,2.7792153684651524
16950000.0,3.1474243117873413,-21.895495522557628,1.23793754583768,2.7796344276120872
16960000.0,3.1400124289347477,-21.8193296648099,1.2397531926740117,2.780088658864204
16970000.0,3.1326818105895313,-21.743410184400354,1.2415827818664742,2.7805780338765405
16980000.0,3.125431315195705,-21.667734844427954,1.2434261859949132,2.781102527001147
16990000.0,3.118259821057814,-21.59230143691226,1.2452832788008361,2.7816621152779772
17000000.0,3.111166225930364,-21.517107782330108,1.2471539351607124,2.782256778426286
17010000.0,3.1041494466170425,-21.442151729160994,1.249038031059716,2.782886498836539
17020000.0,3.0972084185795064,-21.367431153441114,1.2509354435660072,2.7835512615628244
17030000.0,3.090342095555432,-21.292943958325427,1.25284605080545,2.7842510543157855
17040000.0,3.083549449185601,-21.218688073658093,1.254769731936782,2.784985867456016
17050000.0,3.076829468649785,-21.144661455550665,1.256706367127263,2.7857556939879897
17060000.0,3.070181160311206,-21.070862085968347,1.2586558375287398,2.78656052955447
17070000.0,3.0636035473692824,-20.997287972323534,1.2606180252541368,2.787400372431392
17080000.0,3.0570956695205327,-20.923937147077215,1.2625928133544064,2.7882752235232604
17090000.0,3.0506565826273473,-20.850807667347397,1.2645800857958536,2.78918508635902
17100000.0,3.0442853583944487,-20.777897614524814,1.266579727437874,2.790129967088407
17110000.0,3.0379810840528467,-20.705205093895728,1.2685916240111108,2.791109874478779
17120000.0,3.031742862051078,-20.632728234271383,1.2706156620959894,2.792124819912454
17130000.0,3.0255698097535273,-20.560465187624445,1.272651729101605,2.793174817384473
17140000.0,3.0194610591457067,-20.488414128731947,1.2746997132450468,2.794259883500893
17150000.0,3.013415756546207,-20.416573254824577,1.276759503531025,2.795380037477517
17160000.0,3.0074330623252674,-20.344940785242457,1.2788309897319015,2.7965353011391203
17170000.0,3.0015121506296962,-20.273514961097042,1.280914062368049,2.797725698919135
17180000.0,2.9956522091140396,-20.202294044939208,1.2830086126885774,2.798951257859807
17190000.0,2.989852438677807,-20.131276320432974,1.2851145326523765,2.8002120076128487
17200000.0,2.9841120532086,-20.06046009203542,1.2872317149095052,2.801507980440509
17210000.0,2.9784302793310253,-19.989843684682107,1.289360052782914,2.802839211217174
17220000.0,2.972806356161207,-19.919425443478197,1.2914994402504734,2.8042057374313853
17230000.0,2.9672395350667644,-19.849203733394972,1.293649771927308,2.8056075991883525
17240000.0,2.9617290794321383,-19.77917693897168,1.2958109430485,2.8070448392129475
17250000.0,2.956274264429111,-19.709343464022822,1.297982849451988,2.8085175028531344
17260000.0,2.9508743767923944,-19.6397017313505,1.3001653875618822,2.810025638083879
17270000.0,2.9455287146001545,-19.570250182461656,1.302358454371981,2.811569295511562
17280000.0,2.9402365870593696,-19.50098727729062,1.3045619474296264,2.8131485283788016
17290000.0,2.9349973142958783,-19.4319114939262,1.306775764819822,2.814763392569803
17300000.0,2.929810227149004,-19.36302132834362,1.3089998051496288,2.816413946616148
17310000.0,2.9246746669706583,-19.294315294141285,1.3112339675328242,2.8181002517030564
17320000.0,2.9195899854288028,-19.225791922281772,1.313478151574858,2.8198223716761595
17330000.0,2.9145555443151494,-19.1574497608377,1.3157322573580381,2.8215803730486746
17340000.0,2.909570715357029,-19.08928737474166,1.3179961854269993,2.8233743250091465
17350000.0,2.9046348800332877,-19.021303345540744,1.320269836774405,2.825204299429589
17360000.0,2.8997474293941377,-18.953496271154954,1.3225531128269032,2.8270703708741625
17370000.0,2.894907763884861,-18.885864765640093,1.3248459154313499,2.8289726166082954
17380000.0,2.890115293173263,-18.818407458954496,1.3271481468412492,2.8309111166083047
17390000.0,2.885369435980814,-18.751122996729833,1.3294597097034213,2.832885953571523
17400000.0,2.8806696199173314,-18.68401004004575,1.331780507044952,2.83489721292686
17410000.0,2.8760152813192,-18.61706726520844,1.3341104422603176,2.836944982845922
17420000.0,2.8714058650909657,-18.55029336353288,1.3364494190987595,2.8390293542545653
17430000.0,2.8668408245502737,-18.483687041128647,1.3387973416518892,2.8411504208449974
17440000.0,2.862319621276053,-18.417247018689693,1.3411541143414951,2.843308279088334
17450000.0,2.8578417249598687,-18.35097203128724,1.343519641907584,2.8455030282476894
17460000.0,2.8534066132603733,-18.28486082816638,1.3458938293966094,2.84773477039176
17470000.0,2.8490137716607773,-18.218912172546098,1.348276582149934,2.850003610408917
17480000.0,2.8446626933292767,-18.153124841422517,1.3506678057924726,2.852309656021816
17490000.0,2.8403528789823644,-18.087497625375534,1.3530674062215704,2.854653017802528
17500000.0,2.8360838367509404,-18.022029328378537,1.3554752895960474,2.8570338091881764
17510000.0,2.8318550820491906,-17.956718767611328,1.3578913623254654,2.8594521464971234
17520000.0,2.827666137446142,-17.891564773276293,1.3603155310595672,2.861908148945649
17530000.0,2.8235165325398444,-17.826566188417353,1.362747702677931,2.864401938665218
17540000.0,2.819405803834104,-17.76172186874207,1.365187784279783,2.8669336407202217
17550000.0,2.815333494617733,-17.697030682446574,1.3676356831740353,2.869503383126322
17560000.0,2.8112991548462323,-17.632491510043437,1.3700913068694631,2.8721112968693014
17570000.0,2.807302341025885,-17.56810324419235,1.3725545630651008,2.874757515924492
17580000.0,2.803342616100137,-17.503864789533402,1.3750253596407858,2.8774421772767513
17590000.0,2.799419549338323,-17.439775062523367,1.3775036046479086,2.880165420941002
17600000.0,2.7955327162265684,-17.375832991274358,1.3799892063003074,2.8829273899833563
17610000.0,2.7916816983608936,-17.312037515395247,1.3824820729653609,2.8857282305427963
17620000.0,2.7878660833424442,-17.248387585835637,1.3849821131552194,2.8885680918534584
17630000.0,2.784085464674802,-17.184882164732286,1.3874892355182413,2.891447126267479
17640000.0,2.7803394416633234,-17.121520225258095,1.3900033488305539,2.894365489278461
17650000.0,2.776627619316473,-17.05830075147326,1.392524361987817,2.8973233395455416
17660000.0,2.772949608249104,-16.99522273817933,1.3950521839971177,2.9003208389180326
17670000.0,2.769305024587625,-16.932285190774927,1.39758672396903,2.9033581524607355
17680000.0,2.765693489877039,-16.86948712511431,1.4001278911098523,2.9064354484798205
17690000.0,2.7621146309897937,-16.80682756736786,1.4026755947139709,2.909552898549385
17700000.0,2.758568080036403,-16.74430555388495,1.4052297441564021,2.9127106775386125
17710000.0,2.7550534742778137,-16.68192013105886,1.407790248885465,2.9159089636396076
17720000.0,2.751570456039466,-16.619670355193946,1.4103570184156247,2.919147938395861
17730000.0,2.7481186726270175,-16.557555292374786,1.412929962320474,2.922427786731391
17740000.0,2.7446977762436857,-16.495574018337372,1.4155089902258635,2.925748696980566
17750000.0,2.741307423909194,-16.4337256183425,1.4180940118031624,2.929110860918575
17760000.0,2.737947277380252,-16.372009187050864,1.420684936762707,2.932514473792624
17770000.0,2.7346170030725787,-16.31042382840034,1.4232816748473427,2.9359597343538106
17780000.0,2.731316271984397,-16.248968655485015,1.425884135826131,2.9394468448897104
17790000.0,2.7280447596213833,-16.1876427904362,1.428492229488198,2.9429760112576764
17800000.0,2.72480214592306,-16.126445364305226,1.431105865636717,2.9465474429188756
17810000.0,2.7215881151905568,-16.06537551694796,1.4337249540830226,2.9501613529730775
17820000.0,2.718402356015755,-16.004432396911405,1.4363494046408696,2.953817958194142
17830000.0,2.7152445612117493,-15.943615161321588,1.4389791271208292,2.95751747906633
17840000.0,2.7121144277446296,-15.882922975773567,1.4416140313248076,2.9612601398213383
17850000.0,2.7090116566665365,-15.822355014223021,1.4442540270406945,2.965046168476131
17860000.0,2.705935953049962,-15.761910458879207,1.4468990240371773,2.9688757968715906
17870000.0,2.7028870259232787,-15.701588500100051,1.4495489320586255,2.9727492607119084
17880000.0,2.6998645882074683,-15.64138833628833,1.4522036608201605,2.976666799604883
17890000.0,2.6968683566540212,-15.581309173789798,1.4548631200028308,2.980628657102971
17900000.0,2.6938980517839837,-15.52135022679267,1.457527219248892,2.9846350807452198
17910000.0,2.69095339782813,-15.461510717228606,1.460195868157268,2.9886863221000577
17920000.0,2.6880341226682374,-15.40178987467533,1.4628689762790759,2.9927826368089345
17930000.0,2.6851399577794357,-15.342186936260568,1.4655464531133182,2.996924284630862
17940000.0,2.6822706381736117,-15.282701146567483,1.4682282081026823,3.001111529487844
17950000.0,2.679425902343847,-15.223331757541487,1.4709141506294494,3.0053446395112324
17960000.0,2.6766054922098776,-15.16407802839855,1.4736041900115657,3.00962388708898
17970000.0,2.6738091530645227,-15.104939225534736,1.47629823549877,3.0139495489138737
17980000.0,2.671036633521105,-15.045914622437088,1.4789961962689235,3.018321906032704
17990000.0,2.6682876854618094,-14.987003499596028,1.4816979814243671,3.022741243896384
18000000.0,2.665562063986981,-14.928205144418769,1.4844034999884756,3.0272078524111308
18010000.0,2.662859527365327,-14.869518851144207,1.4871126609022838,3.0317220259905593
18020000.0,2.6601798369850127,-14.810943920758994,1.489825373021234,3.0362840636088793
18030000.0,2.657522757305643,-14.752479660914851,1.4925415451120718,3.0408942688550735
18040000.0,2.654888055811086,-14.694125385847052,1.4952610858498048,3.0455529499881795
18050000.0,2.6522755029631484,-14.635880416294142,1.4979839038148224,3.0502604199936174
18060000.0,2.649684872156064,-14.577744079418885,1.5007099074901018,3.0550169966406138
18070000.0,2.6471159396718025,-14.519715708730146,1.5034390052585456,3.0598230025407767
18080000.0,2.6445684846361477,-14.461794644006211,1.5061711054003981,3.0646787652077254
18090000.0,2.6420422889755764,-14.403980231218988,1.5089061160908415,3.06958461711797
18100000.0,2.639537137374866,-14.346271822459336,1.511643945397607,3.074540895772887
18110000.0,2.6370528172354764,-14.288668775863648,1.5143845012787869,3.079547943761905
18120000.0,2.6345891186346284,-14.231170455541054,1.5171276915807161,3.0846061088269705
18130000.0,2.6321458342851303,-14.173776231502366,1.5198734240359413,3.0897157439281213
18140000.0,2.629722759495875,-14.116485479589272,1.5226216062613538,3.0948772073104593
18150000.0,2.627319692133041,-14.059297581405154,1.5253721457563736,3.1000908625722845
18160000.0,2.624936432581964,-14.002211924246495,1.5281249499012994,3.1053570787346376
18170000.0,2.622572783709653,-13.945227901035445,1.5308799259557049,3.1106762303120847
18180000.0,2.6202285508279815,-13.88834491025343,1.5336369810569859,3.116048697384883
18190000.0,2.617903541657479,-13.831562355875299,1.5363960222190163,3.121474865672575
18200000.0,2.615597566291773,-13.774879647305063,1.5391569563308525,3.126955126608879
18210000.0,2.6133104371626197,-13.718296199311766,1.541919690155633,3.1324898774181227
18220000.0,2.6110419690055444,-13.661811431966939,1.5446841303294836,3.138079521193035
18230000.0,2.608791978826064,-13.605424770582488,1.5474501833606322,3.1437244669740863
18240000.0,2.606560285866479,-13.549135645649656,1.5502177556285288,3.149425129830302
18250000.0,2.6043467115732373,-13.492943492778842,1.5529867533831185,3.1551819309416076
18260000.0,2.6021510795648433,-13.43684775264002,1.5557570827442448,3.1609952976827866
18270000.0,2.599973215600318,-13.380847870904418,1.5585286497010766,3.166865663708972
18280000.0,2.5978129475481753,-13.324943298186518,1.5613013601117267,3.1727934690428166
18290000.0,2.595670105355936,-13.269133489987333,1.564075119702886,3.1787791601632622
18300000.0,2.5935445210201475,-13.213417906637986,1.5668498340696386,3.1848231900960795
18310000.0,2.5914360285568927,-13.15779601324455,1.569625408675308,3.1909260185060173
18320000.0,2.5893444639728163,-13.102267279633168,1.5724017488514697,3.197088111790839
18330000.0,2.587269665236609,-13.046831180296493,1.5751787597979903,3.203309943176981
18340000.0,2.5852114722509794,-12.991487194340152,1.5779563465832436,3.209591992817208
18350000.0,2.5831697268250866,-12.936234805430686,1.5807344141443567,3.215934747889975
18360000.0,2.5811442726474283,-12.881073501743522,1.5835128672876084,3.222338702700791
18370000.0,2.5791349552591782,-12.82600277591225,1.5862916106888827,3.22880435878542
18380000.0,2.57714162202796,-12.771022124978138,1.58907054889426,3.235332225015114
18390000.0,2.575164122122051,-12.716131050340586,1.591849586320667,3.24192281770382
18400000.0,2.5732023064850154,-12.661329057708052,1.5946286272566588,3.2485766607174473
18410000.0,2.5712560278107426,-12.606615657049943,1.5974075758632675,3.2552942855851743
18420000.0,2.569325140518899,-12.551990362548835,1.6001863361749624,3.2620762316129324
18430000.0,2.567409500730779,-12.497452692553452,1.602964812100713,3.2689230459990326
18440000.0,2.565508966245547,-12.44300216953237,1.605742907425132,3.275835283951986
18450000.0,2.563623396516861,-12.388638320028214,1.6085205258097093,3.2828135088105928
18460000.0,2.56175265262988,-12.334360674612526,1.6112975707941646,3.289858292166315
18470000.0,2.5598965972786405,-12.280168767841182,1.6140739457978717,3.2969702139880135
18480000.0,2.5580550947437954,-12.22606213821053,1.6168495541213812,3.3041498627490267
18490000.0,2.5562280108707074,-12.172040328113951,1.6196242989480396,3.311397835556725
18500000.0,2.5544152130479003,-12.118102883799004,1.6223980833457066,3.3187147382845463
18510000.0,2.5526165701858554,-12.064249355325359,1.6251708102685556,3.3261011857065186
18520000.0,2.5508319526961305,-12.010479296522966,1.6279423825589472,3.3335578016344254
18530000.0,2.5490612324708386,-11.95679226495102,1.630712702949454,3.341085219057568
18540000.0,2.5473042828624224,-11.903187821857372,1.6334816740648979,3.3486840802852087
18550000.0,2.5455609786637705,-11.849665532138367,1.6362491984245429,3.3563550370917925
18560000.0,2.5438311960886413,-11.796224964299526,1.6390151784443276,3.3640987508649087
18570000.0,2.5421148127523927,-11.742865690416252,1.6417795164392381,3.371915892756176
18580000.0,2.5404117076530217,-11.689587286095623,1.6445421146257242,3.3798071438349373
18590000.0,2.5387217611524897,-11.636389330438085,1.647302875124215,3.3877731952450407
18600000.0,2.537044854958361,-11.583271406000193,1.6500616999617495,3.39581474836453
18610000.0,2.535380872105703,-11.530233098757392,1.652818491074659,3.4039325149685156
18620000.0,2.5337296969392904,-11.477273998067602,1.6555731503113524,3.4121272173951143
18630000.0,2.5320912150960746,-11.424393696635043,1.6583255794351923,3.420399588714687
18640000.0,2.530465313487933,-11.371591790474682,1.6610756801274498,3.428750372902271
18650000.0,2.5288518802846722,-11.318867878877015,1.6638233539903424,3.437180325013416
18660000.0,2.527250804897312,-11.266221564373389,1.6665685025501509,3.445690211363402
18670000.0,2.525661977961613,-11.213652452701744,1.6693110272604503,3.454280809709931
18680000.0,2.5240852913218688,-11.161160152772737,1.672050829505389,3.462952909439402
18690000.0,2.5225206380149388,-11.108744276636386,1.6747878106030654,3.4717073117567683
18700000.0,2.520967912254527,-11.05640443944909,1.6775218718089842,3.480544829879109
18710000.0,2.519427009415709,-11.004140259441044,1.6802529143196065,3.489466289232962
18720000.0,2.5178978260196856,-10.95195135788412,1.682980839275958,3.4984725276555166
18730000.0,2.516380259718772,-10.8998373590601,1.6857055477673422,3.5075643955997036
18740000.0,2.514874209281621,-10.847797890229323,1.6884269408351174,3.5167427563433145
18750000.0,2.5133795745786616,-10.795832581599825,1.6911449194765449,3.5260084862021537
18760000.0,2.5118962565677627,-10.743941066296642,1.6938593846487537,3.535362474747431
18770000.0,2.510424157280113,-10.692122980331767,1.6965702372727334,3.544805625027318
18780000.0,2.5089631798063117,-10.640377962574242,1.6992773782374426,3.5543388537928915
18790000.0,2.507513228282674,-10.58870565472077,1.7019807084039773,3.563963091728487
18800000.0,2.506074207877736,-10.53710570126671,1.7046801286098088,3.573679283686521
18810000.0,2.504646024778963,-10.485577749477251,1.707375539673122,3.5834883889269835
18820000.0,2.5032285861796604,-10.43412144935919,1.7100668423971892,3.5933913813615184
18830000.0,2.5018218002660744,-10.382736453632823,1.7127539375748735,3.6033892498024054
18840000.0,2.5004255762046905,-10.331422417704431,1.7154367259931234,3.613482998216293
18850000.0,2.499039824129716,-10.280178999638778,1.7181151084376434,3.6236736459830294
18860000.0,2.497664455130749,-10.229005860132347,1.7207889856975327,3.6339622281594495
18870000.0,2.4962993812406338,-10.177902662486566,1.7234582585700684,3.6443497957484063
18880000.0,2.494944515423489,-10.126869072581492,1.7261228278655407,3.654837415973074
18890000.0,2.493599771562919,-10.075904758849859,1.728782594412114,3.6654261725565753
18900000.0,2.49226506445039,-10.025009392251398,1.731437459060824,3.6761171660071357
18910000.0,2.4909403097737886,-9.974182646247414,1.7340873226905986,3.6869115139088233
18920000.0,2.489625424106138,-9.92342419677582,1.7367320862133573,3.6978103512179494
18930000.0,2.488320324894479,-9.872733722226265,1.739371650579169,3.70881483056532
18940000.0,2.4870249304489267,-9.822110903415812,1.7420059167814874,3.7199261225643543
18950000.0,2.4857391599318643,-9.77155542356465,1.7446347858624551,3.7311454161252935
18960000.0,2.484462933347313,-9.72106696827229,1.7472581589182306,3.742473918775491
18970000.0,2.4831961715304485,-9.670645225493992,1.7498759371044368,3.753912856986007
18980000.0,2.481938796137268,-9.620289885517458,1.7524880216416259,3.765463476504547
18990000.0,2.4806907296344085,-9.570000640939725,1.7550943138208202,3.777127042694958
19000000.0,2.479451895289112,-9.519777186644589,1.7576947150091191,3.7889048408832364
19010000.0,2.4782222171593298,-9.469619219779943,1.7602891266553393,3.800798176710398
19020000.0,2.4770016200839837,-9.419526439735755,1.7628774502957545,3.8128083764920975
19030000.0,2.4757900296733455,-9.36949854812196,1.7654595875598558,3.8249367875853273
19040000.0,2.4745873722995686,-9.319535248746895,1.7680354401761722,3.8371847787621514
19050000.0,2.473393575087354,-9.269636247595784,1.7706049099781662,3.8495537405907387
19060000.0,2.4722085659047393,-9.21980125280966,1.7731678989101538,3.8620450858237043
19070000.0,2.4710322733540337,-9.170029974664331,1.775724309033309,3.874660249794006
19080000.0,2.469864626762865,-9.12032212554984,1.778274042531687,3.8874006908183834
19090000.0,2.4687055561753666,-9.07067741994986,1.780817001718337,3.900267890608652
19100000.0,2.467554992343482,-9.021095574421658,1.7833530890414127,3.9132633546907596
19110000.0,2.466412866718395,-8.971576307576072,1.7858822070903726,3.9263886128319463
19120000.0,2.4652791114420767,-8.922119340057762,1.7884042586022182,3.9396452194760094
19130000.0,2.4641536593389555,-8.872724394525719,1.7909191464677727,3.953034754186839
19140000.0,2.4630364439077015,-8.823391195634045,1.7934267737379983,3.966558822100363
19150000.0,2.461927399313125,-8.774119470012884,1.795927043630368,3.980219054385
19160000.0,2.4608264603781937,-8.724908946249563,1.798419859535285,3.9940171087108216
19170000.0,2.459733562576149,-8.675759354869996,1.8009051250225152,4.00795466972745
19180000.0,2.4586486420227476,-8.62667042832041,1.8033827438477057,4.022033449550862
19190000.0,2.457571635468599,-8.577641900948926,1.805852619958897,4.036255188259333
19200000.0,2.45650248029161,-8.52867350898783,1.8083146575030948,4.050621654398371
19210000.0,2.4554411144895445,-8.479764990535656,1.8107687608328806,4.065134645495102
19220000.0,2.4543874766726708,-8.430916085539657,1.8132148345130585,4.079795988581953
19230000.0,2.4533415060565185,-8.382126535778525,1.8156527833273137,4.094607540729845
19240000.0,2.4523031424547375,-8.333396084845113,1.8180825122849344,4.109571189591079
19250000.0,2.4512723262720506,-8.28472447812954,1.820503926627547,4.124688853951909
19260000.0,2.4502489984972944,-8.236111462802363,1.822916931835884,4.139962484294935
19270000.0,2.4492331006965777,-8.187556787798073,1.8253214336365888,4.155394063371468
19280000.0,2.4482245750065124,-8.139060203798635,1.8277173380090388,4.170985606783883
19290000.0,2.447223364127541,-8.090621463217268,1.8301045511921952,4.1867391635781015
19300000.0,2.446229411317365,-8.042240320182465,1.8324829796914885,4.202656816846262
19310000.0,2.445242660384447,-7.9939165305221564,1.8348525302857157,4.218740684339599
19320000.0,2.4442630556816147,-7.945649851747952,1.8372131100339648,4.234992919091743
19330000.0,2.4432905420997426,-7.897440043039737,1.8395646262825702,4.2514157100522665
19340000.0,2.442325065061523,-7.849286865230354,1.8419069866720643,4.268011282730715
19350000.0,2.4413665705153176,-7.8011900807903345,1.8442400991441605,4.2847818998510965
19360000.0,2.440415004929091,-7.753149453813059,1.8465638719487745,4.301729862016741
19370000.0,2.439470315284438,-7.7051647499999305,1.8488782136510298,4.318857508385694
19380000.0,2.438532449070668,-7.65723573664561,1.8511830331382675,4.336167217356535
19390000.0,2.4376013542789914,-7.609362182623627,1.8534782396271319,4.353661407264638
19400000.0,2.436676979396765,-7.56154385837209,1.8557637426705884,4.371342537088706
19410000.0,2.4357592734018305,-7.513780535879391,1.8580394521650165,4.389213107167776
19420000.0,2.4348481857569144,-7.4660719886703575,1.8603052783572527,4.4072756599282705
19430000.0,2.433943666404108,-7.418417991792204,1.862561131851717,4.425532780621323
19440000.0,2.4330456657594253,-7.370818321800996,1.8648069236174551,4.443987098069914
19450000.0,2.432154134707419,-7.3232727567480325,1.867042564995253,4.462641285425933
19460000.0,2.431269024595887,-7.27578107616641,1.8692679677047361,4.481498060936834
19470000.0,2.430390287230625,-7.228343061057814,1.8714830438514403,4.500560188721651
19480000.0,2.429517874870276,-7.180958493879409,1.873687705933935,4.519830479556189
19490000.0,2.4286517402212153,-7.133627158530821,1.8758818668509116,4.539311791667077
19500000.0,2.427791836432532,-7.086348840341294,1.8780654399082568,4.559007031534309
19510000.0,2.4269381170910607,-7.039123326057137,1.8802383388261632,4.578919154701884
19520000.0,2.426090536216474,-6.9919504038289375,1.8824004777461976,4.599051166596295
19530000.0,2.425249048256454,-6.944829863199402,1.8845517712383788,4.619406123352096
19540000.0,2.4244136080819114,-6.897761495090869,1.8866921343082454,4.639987132644335
19550000.0,2.423584170982278,-6.850745091793243,1.8888214824038985,4.660797354527067
19560000.0,2.422760692660854,-6.803780446951997,1.8909397314230731,4.681840002277328
19570000.0,2.4219431292302116,-6.756867355556238,1.893046797720127,4.703118343243983
19580000.0,2.421131437207673,-6.710005613926953,1.8951425981130954,4.7246356997005465
19590000.0,2.420325573510826,-6.663195019705377,1.8972270498906645,4.7463954497011285
19600000.0,2.419525495453117,-6.6164353718414475,1.8993000708191663,4.768401027938663
19610000.0,2.418731160739483,-6.5697264705824665,1.901361579149539,4.790655926604235
19620000.0,2.4179425274620545,-6.523068117461804,1.9034114936242486,4.813163696246575
19630000.0,2.417159554095905,-6.476460115287779,1.9054497334842422,4.835927946630305
19640000.0,2.4163821994948536,-6.4299022681325155,1.9074762184758214,4.858952347591829
19650000.0,2.415610422887328,-6.383394381321175,1.909490868857514,4.882240629891134
19660000.0,2.414844183872271,-6.336936261421066,1.9114936054069263,4.90579658605821
19670000.0,2.4140834424151123,-6.290527716230976,1.9134843494275446,4.929624071232236
19680000.0,2.413328158843772,-6.24416855477061,1.9154630227555427,4.953727003991676
19690000.0,2.4125782938447338,-6.197858587270119,1.9174295477665102,4.978109367173392
19700000.0,2.411833808459158,-6.151597625159724,1.9193838473822002,5.002775208678464
19710000.0,2.411094664079043,-6.1053854810595425,1.9213258450771986,5.0277286422624865
19720000.0,2.410360822443439,-6.059221968769364,1.9232554648855837,5.05297384830781
19730000.0,2.4096322456347066,-6.013106903258688,1.9251726314075484,5.0785150745749075
19740000.0,2.4089088960748213,-5.967040100656668,1.9270772698159624,5.104356636930103
19750000.0,2.408190736521731,-5.921021378242557,1.928969305862922,5.130502920046119
19760000.0,2.407477730065749,-5.875050554435617,1.9308486658862467,5.156958378072706
19770000.0,2.406769840125999,-5.8291274487858615,1.932715276815911,5.183727535272733
19780000.0,2.406067030446904,-5.7832518819642615,1.9345690661804897,5.210814986620765
19790000.0,2.4053692650947127,-5.737423675753433,1.936409962113488,5.238225398359141
19800000.0,2.4046765084540795,-5.691642653038365,1.9382378933596742,5.265963508507233
19810000.0,2.4039887252246737,-5.645908637797028,1.9400527892813453,5.294034127319185
19820000.0,2.403305880417845,-5.600221455091422,1.9418545798645312,5.322442137684345
19830000.0,2.402627939353316,-5.554580931058375,1.9436431957251854,5.351192495465311
19840000.0,2.4019548676559297,-5.508986892900722,1.9454185681152896,5.380290229766965
19850000.0,2.401286631252421,-5.463439168878338,1.9471806289288827,5.409740443130405
19860000.0,2.4006231963682434,-5.417937588299445,1.9489293107081183,5.4395483116445
19870000.0,2.3999645295244263,-5.372481981511925,1.9506645466491648,5.469719084967664
19880000.0,2.399310597534467,-5.327072179894671,1.952386270608133,5.500258086251924
19890000.0,2.3986613675012727,-5.281708015849134,1.954094417106873,5.531170711960463
19900000.0,2.398016806814127,-5.236389322790899,1.95578892133875,5.562462431569626
19910000.0,2.3973768831457063,-5.191115935141383,1.9574697191743793,5.594138787145405
19920000.0,2.396741564449114,-5.145887688319483,1.9591367471672183,5.626205392784056
19930000.0,2.3961108189549725,-5.100704418733493,1.9607899425591993,5.658667933905307
19940000.0,2.3954846151685345,-5.05556596377307,1.9624292432861947,5.691532166386291
19950000.0,2.3948629218668365,-5.01047216180109,1.9640545879835025,5.724803915523435
19960000.0,2.3942457080958826,-4.965422852145835,1.965665915991194,5.758489074808268
19970000.0,2.393632943167866,-4.920417875093122,1.9672631673594165,5.792593604502722
19980000.0,2.3930245966584223,-4.875457071878522,1.9688462828536646,5.8271235299981825
19990000.0,2.392420638403915,-4.830540284679692,1.9704152039599152,5.862084939941544
20000000.0,2.3918210384987533,-4.78566735660872,1.9719698728897135,5.897483984110562
20010000.0,2.3912257672927435,-4.74083813170472,1.9735102325852072,5.93332687101923
20020000.0,2.390634795388474,-4.696052454926175,1.9750362267240824,5.969619865233467
20030000.0,2.390048093638725,-4.651310172143724,1.9765477997244156,6.00636928437486
20040000.0,2.389465633143915,-4.6066111301327055,1.9780448967494686,6.043581495790186
20050000.0,2.388887385249574,-4.56195517656608,1.9795274637123983,6.081262912861661
20060000.0,2.388313321543852,-4.517342160007104,1.9809954472808706,6.119419990932549
20070000.0,2.3877434138550475,-4.472771929902287,1.9824487948816125,6.1580592228199915
20080000.0,2.387177634249177,-4.4282443365744015,1.9838874547048782,6.19718713388595
20090000.0,2.386615955027564,-4.3837592312155,1.9853113757088225,6.236810276635086
20100000.0,2.3860583487244584,-4.339316465879968,1.986720507623798,6.276935224806497
20110000.0,2.3855047881046882,-4.294915893477793,1.9881148009565697,6.3175685669240496
20120000.0,2.3849552461613346,-4.250557367767669,1.9894942069944217,6.358716899268462
20130000.0,2.3844096961134333,-4.206240743350513,1.9908586778092325,6.400386818231144
20140000.0,2.3838681114037064,-4.161965875662567,1.9922081662613746,6.442584912008931
20150000.0,2.3833304656963237,-4.1177326209691145,1.9935426260036049,6.4853177515945495
20160000.0,2.3827967328746764,-4.073540836357736,1.9948620114848334,6.528591881017228
20170000.0,2.382266887039195,-4.029390379732057,1.996166277953787,6.572413806783274
20180000.0,2.3817409025051792,-3.9852811098052427,1.997455381462612,6.616789986465393
20190000.0,2.3812187538006566,-3.9412128860937585,1.9987292788703632,6.661726816385478
20200000.0,2.3807004156642697,-3.8971855689111052,1.9999879278464041,6.707230618333423
20210000.0,2.3801858630431822,-3.8531990193615684,2.001231286873723,6.753307625261444
20220000.0,2.3796750710910173,-3.8092530993341924,2.0024593152521333,6.799963965889787
20230000.0,2.379168015165806,-3.765347671496592,2.0036719731013957,6.847205648157526
20240000.0,2.378664670827974,-3.72148259928899,2.0048692213642463,6.895038541448015
20250000.0,2.3781650138383457,-3.677657746918314,2.0060510218093297,6.9434683575159255
20260000.0,2.3776690201561648,-3.633872979352148,2.007217337033998,6.992500630039639
20270000.0,2.3771766659371476,-3.590128162313029,2.0083681304670615,7.042140692718759
20280000.0,2.3766879275315564,-3.546423162272582,2.0095033663714132,7.092393655834423
20290000.0,2.3762027814822893,-3.5027578464457747,2.0106230098465754,7.143264381185962
20300000.0,2.3757212045229954,-3.459132082785281,2.0117270268311,7.194757455314897
20310000.0,2.375243173576214,-3.4155457399758262,2.0128153841049294,7.246877160924264
20320000.0,2.3747686657515317,-3.371998687428629,2.0138880492916,7.299627446398432
20330000.0,2.374297658343759,-3.3284907952758545,2.0149449908604087,7.353011893326099
20340000.0,2.373830128831135,-3.2850219343651332,2.015986178128395,7.407033681926933
20350000.0,2.3733660548735385,-3.2415919762541776,2.017011581262307,7.461695554280405
20360000.0,2.3729054143107384,-3.198200793205416,2.018021171280388,7.516999775254057
20370000.0,2.3724481851606454,-3.154848258180593,2.019014920054129,7.5729480910276195
20380000.0,2.3719943456175936,-3.1115342448356316,2.019992800309854,7.629541685108586
20390000.0,2.371543874050644,-3.0682586275153056,2.0209547856302565,7.686781131736391
20400000.0,2.371096749001893,-3.0250212812481365,2.0219008504557925,7.7446663465724495
20410000.0,2.370652949184818,-2.9818220817411785,2.0228309700859937,7.803196534576763
20420000.0,2.3702124534826274,-2.938660905375066,2.023745120680649,7.862370134974154
20430000.0,2.369775240946637,-2.89553762919887,2.0246432792609377,7.922184763219364
20440000.0,2.3693412907946576,-2.852452130925215,2.0255254237103686,7.98263714987496
20450000.0,2.3689105824094123,-2.8094042889252364,2.0263915327757,8.043723076325524
20460000.0,2.368483095336957,-2.7663939822237964,2.027241586067708,8.105437307259983
20470000.0,2.368058809285127,-2.7234210904945826,2.028075564061866,8.167773519867245
20480000.0,2.3676377041220023,-2.680485494055297,2.028893448098887,8.230724229703778
20490000.0,2.3672197598743816,-2.6375870738629033,2.029695220385235,8.29428071320904
20500000.0,2.3668049567262837,-2.594725711508957,2.0304808639934318,8.358432926864477
20510000.0,2.366393275017454,-2.551901289214861,2.031250362862334,8.423169423015237
20520000.0,2.365984695241899,-2.5091136898273376,2.0320037017972807,8.488477262399453
20530000.0,2.365579198046428,-2.466362796813719,2.0327408664701263,8.554341923461335
20540000.0,2.3651767642292167,-2.4236484942574776,2.0334618434191656,8.62074720855758
20550000.0,2.3647773747383822,-2.3809706668537345,2.0341666200489867,8.687675147206203
20560000.0,2.3643810106705736,-2.3383291999047913,2.0348551846301803,8.75510589657008
20570000.0,2.363987653269584,-2.2957239793156177,2.035527526298952,8.823017639415843
20580000.0,2.363597283924973,-2.253154891589638,2.0361836350566556,8.891386479841982
20590000.0,2.363209884170701,-2.210621823824212,2.036823501769178,8.960186337130262
20600000.0,2.362825435683785,-2.1681246637064504,2.0374471181662654,9.029388838137457
20610000.0,2.362443920282966,-2.125663299508915,2.038054476840708,9.09896320871617
20620000.0,2.3620653199273907,-2.08323762008537,2.038645571247448,9.168876164728974
20630000.0,2.3616896167153074,-2.0408475148666483,2.03922039570256,9.239091803301541
20640000.0,2.3613167928827754,-1.9984928738564278,2.0397789453821518,9.309571495048404
20650000.0,2.3609468308023915,-1.956173587627184,2.040321216321132,9.380273778096564
20660000.0,2.360579712982025,-1.9138895473160815,2.040847205411918,9.451154254829886
20670000.0,2.360215422063574,-1.871640644620932,2.041356910402995,9.522165492377958
20680000.0,2.359853940821724,-1.8294267717961574,2.041850329897402,9.593256927977674
20690000.0,2.359495252162733,-1.7872478216489256,2.042327463351111,9.664374780441728
20700000.0,2.3591393391232165,-1.7451036875351065,2.0427883110713014,9.735461969076361
20710000.0,2.358786184868957,-1.7029942633554214,2.043232874214537,9.806458041495567
20720000.0,2.3584357726937175,-1.6609194435515704,2.0436611547848305,9.877299111883623
20730000.0,2.358088086018073,-1.618879123102424,2.0440731556316356,9.947917811355444
20740000.0,2.3577431083882527,-1.5768731975201433,2.0444688804477202,10.018243252155692
20750000.0,2.3574008234749932,-1.5349015628465636,2.0448483337669363,10.088201007516853
20760000.0,2.3570612150724046,-1.4929641156493147,2.0452115209619093,10.157713109064876
20770000.0,2.356724267096853,-1.4510607530181758,2.045558448241605,10.226698063708742
20780000.0,2.356389963585848,-1.4091913725615015,2.0458891226488567,10.295070891980162
20790000.0,2.356058288696943,-1.3673558724024204,2.0462035520577064,10.362743189794022
20800000.0,2.3557292267066545,-1.325554151175382,2.0465017451707355,10.429623215573802
20810000.0,2.355402762009382,-1.2837861080224826,2.0467837115162606,10.49561600463081
20820000.0,2.355078879116349,-1.242051642589992,2.047049461445423,10.560623512589832
20830000.0,2.354757562654545,-1.2003506550248062,2.047299006129234,10.624544789519966
20840000.0,2.354438797365693,-1.1586830459709745,2.0475323575554722,10.687276186249665
20850000.0,2.354122568105211,-1.1170487165663303,2.0477495285255376,10.748711594119262
20860000.0,2.3538088598411955,-1.075447568438939,2.047950532651159,10.80874271914923
20870000.0,2.3534976576534157,-1.0338795037037585,2.048135384351097,10.867259391276006
20880000.0,2.3531889467323097,-0.9923444249593558,2.048304098847651,10.924149908931764
20890000.0,2.3528827123780007,-0.9508422352844761,2.0484566921631724,10.979301418818553
20900000.0,2.3525789399993164,-0.9093728382348019,2.048593181116445,11.032600330254096
20910000.0,2.352277615112826,-0.8679361378396422,2.048713583318972,11.083932762951783
20920000.0,2.3519787233418747,-0.8265320385987351,2.048817917171202,11.133185026545014
20930000.0,2.3516822504156476,-0.7851604454789367,2.048906201858668,11.180244129585503
20940000.0,2.3513881821682214,-0.7438212639111796,2.0489784573480145,11.224998315144548
20950000.0,2.3510965045376397,-0.702514399787141,2.049034704382994,11.267337619539386
20960000.0,2.3508072035650005,-0.6612397594562509,2.049074964480322,11.30715445010282
20970000.0,2.350520265393537,-0.6199972497224593,2.0490992599255002,11.344344177332616
20980000.0,2.350235676267725,-0.5787867778412874,2.0491076137685273,11.378805736208205
20990000.0,2.349953422532391,-0.5376082515166374,2.0491000498195637,11.410442230966677
21000000.0,2.3496734906318277,-0.49646157889782927,2.0490765926444787,11.439161537199956
21010000.0,2.349395867108927,-0.455346668576631,2.0490372675603634,11.46487689479027
21020000.0,2.3491205386043124,-0.4142634295841887,2.048982100630928,11.487507484953452
21030000.0,2.3488474918554862,-0.3732117713881422,2.04891111866187,11.506978984523657
21040000.0,2.3485767136959854,-0.33219160388965463,2.0488243491961193,11.52322409060032
21050000.0,2.348308191054538,-0.29120283742052067,2.0487218205090567,11.536183008795424
21060000.0,2.3480419109542416,-0.25024538274031016,2.04860356160362,11.54580389857194
21070000.0,2.3477778605117403,-0.20931915103344778,2.048469602205392,11.552043269554252
21080000.0,2.347516026936411,-0.1684240539064703,2.0483199727575654,11.554866323213384
21090000.0,2.347256397529562,-0.12756000338514895,2.0481547044158734,11.554247234979316
21100000.0,2.346998959683635,-0.0867269119116898,2.0479738290434426,11.550169372596233
21110000.0,2.3467437008814205,-0.04592469234203378,2.047777379205592,11.54262544739958
21120000.0,2.3464906086952757,-0.005153257943085521,2.0475653881645637,11.531617596138302
21130000.0,2.3462396707863538,0.03558747761001513,2.0473378898741643,11.517157391968905
21140000.0,2.3459908749038374,0.07629760023661447,2.047094918974391,11.499265784286708
21150000.0,2.345744208884185,0.11697719545310292,2.0468365107859707,11.477972968109562
21160000.0,2.3454996606503817,0.15762634837569323,2.0465627013048397,11.453318184763102
21170000.0,2.345257218211197,0.19824514372299973,2.046273527196563,11.42534945661134
21180000.0,2.34501686966045,0.23883366581861765,2.045969025790732,11.394123259506658
21190000.0,2.344778603176285,0.2793919985937947,2.0456492350752393,11.359704137478989
21200000.0,2.3445424070204504,0.3199202255898399,2.045314193690584,11.322164264925647
21210000.0,2.3443082695375863,0.36041842996085904,2.0449639409240343,11.281582962186793
21220000.0,2.34407617915452,0.4008866944761351,2.0445985167038265,11.23804617088558
21230000.0,2.3438461243795685,0.4413251015226862,2.0442179615932297,11.19164589576953
21240000.0,2.3436180938018443,0.48173373310774537,2.0438223167846483,11.142479620008698
21250000.0,2.3433920760905753,0.5221126708611621,2.043411624093591,11.090649700987662
21260000.0,2.343168059994423,0.5624619960379889,2.04298592595266,11.036262753577844
21270000.0,2.342946034340814,0.6027817895207477,2.042545265405455,10.979429027703608
21280000.0,2.3427259880352755,0.6430721318218957,2.0420896861004554,10.92026178672953
21290000.0,2.342507910060776,0.6833331030862126,2.0416192322848516,10.858876692813794
21300000.0,2.342291789477075,0.7235647830931811,2.0411339487983358,10.795391204907409
21310000.0,2.3420776154200778,0.7637672512592957,2.0406338810668374,10.729923994547699
21320000.0,2.341865377101196,0.8039405866403513,2.0401190750962632,10.6625943840145
21330000.0,2.341655063806716,0.8440848679338657,2.03958957746614,10.59352181080479
21340000.0,2.3414466648971755,0.884200173481247,2.0390454353232816,10.522825321753214
21350000.0,2.341240169806734,0.9242865812701524,2.038486696375375,10.450623099493784
21360000.0,2.3410355680425705,0.9643441689366838,2.0379134088845476,10.377032023339847
21370000.0,2.34083284918427,1.0043730137676548,2.0373256216609157,10.302167266061838
21380000.0,2.3406320028832153,1.044373192702757,2.0367233840560894,10.226141927479071
21390000.0,2.3404330188620044,1.0843447823368209,2.0361067459566438,10.149066705257527
21400000.0,2.3402358869138453,1.1242878589219814,2.0354757577775637,10.071049602829078
21410000.0,2.3400405969019826,1.164202498369768,2.0348304704556757,9.992195673920017
21420000.0,2.3398471387591098,1.2040887762533856,2.034170935443043,9.912606802801884
21430000.0,2.3396555024868015,1.2439467678097103,2.0334972047003146,9.83238151905814
21440000.0,2.3394656781549417,1.2837765479414642,2.0328093306901014,9.75161484539032
21450000.0,2.339277655901163,1.323578191219326,2.0321073663702967,9.67039817677215
21460000.0,2.33909142593029,1.3633517718839556,2.031391365187357,9.58881918909175
21470000.0,2.338906978513783,1.4030973638481612,2.0306613810696055,9.506961775299239
21480000.0,2.3387243039891974,1.4428150406987683,2.0299174684205075,9.424906006997853
21490000.0,2.3385433927596386,1.4825048756988508,2.0291596821118976,9.34272811937156
21500000.0,2.3383642352932252,1.5221669417895853,2.028388077477226,9.260500517335185
21510000.0,2.3381868221225606,1.5618013115923048,2.0276027103047776,9.178291800810069
21520000.0,2.3380111438442075,1.6014080574105733,2.0268036368308815,9.096166807073402
21530000.0,2.337837191118161,1.6409872512319552,2.0259909137330876,9.014186668194654
21540000.0,2.3376649546673387,1.6805389647301894,2.025164598123367,8.932408881651266
21550000.0,2.337494425277068,1.7200632692669018,2.0243247475412836,8.850887392313561
21560000.0,2.337325593794578,1.7595602358937796,2.0234714199471475,8.76967268408874
21570000.0,2.337158451128498,1.799029935354227,2.0226046737151826,8.68881187962883
21580000.0,2.336992988248365,1.8384724380853825,2.021724567626678,8.608348846618284
21590000.0,2.3368291961841234,1.8778878142200526,2.0208311608631164,8.528324309276414
21600000.0,2.3366670660256488,1.9172761335884303,2.01992451299935,8.448775963825858
21610000.0,2.3365065889222523,1.9566374657200711,2.0190046839967124,8.369738596792146
21620000.0,2.336347756082213,1.9959718798456478,2.01807173419617,8.291244205113056
21630000.0,2.3361905587722966,2.035279444898798,2.0171257243114473,8.21332211714288
21640000.0,2.3360349883172917,2.0745602295179424,2.01616671542218,8.1359991137403
21650000.0,2.3358810360995417,2.1138143020480626,2.015194768967063,8.05929954872591
21660000.0,2.3357286935584827,2.1530417305424407,2.0142099467369627,7.983245468086576
21670000.0,2.335577952190192,2.1922425827645213,2.0132123108680995,7.907856727388776
21680000.0,2.33542880354693,2.23141692618956,2.0122019238351827,7.833151106942961
21690000.0,2.335281239236697,2.270564828006421,2.01117884844458,7.759144424331869
21700000.0,2.3351352509227876,2.309686355119311,2.0101431478274705,7.68585064398326
21710000.0,2.334990830323352,2.3487815741494202,2.00909488543304,7.613281983527304
21720000.0,2.334847969210958,2.387850551436699,2.0080341250216494,7.541449016732529
21730000.0,2.3347066594121624,2.426893353041507,2.0069609306580394,7.470360772864025
21740000.0,2.3345668928070835,2.465910044746238,2.005875366704544,7.400024832350128
21750000.0,2.3344286613289733,2.5049006920571273,2.004777497814302,7.330447418682259
21760000.0,2.334291956963804,2.5438653602057073,2.003667388924473,7.261633486507632
21770000.0,2.3341567717498486,2.5828041141506333,2.0025451052495384,7.193586805901834
21780000.0,2.334023097777268,2.621717018579112,2.0014107122745024,7.1263100428365185
21790000.0,2.3338909271877055,2.660604137908699,2.000264275748223,7.059804835876884
21800000.0,2.333760252173881,2.6994655362887414,1.999105861676675,6.994071869164613
21810000.0,2.3336310649791927,2.738301277602055,1.9979355363162985,6.929110941755719
21820000.0,2.3335033578973134,2.777111425466508,1.9967533661673036,6.864921033397097
21830000.0,2.333377123271806,2.8158960432365063,1.9955594179670504,6.801500366835938
21840000.0,2.333252353495727,2.854655194004607,1.9943537586834106,6.738846466763921
21850000.0,2.3331290410112437,2.8933889406030744,1.9931364555081854,6.676956215505835
21860000.0,2.3330071783092508,2.932097345605321,1.9919075758505036,6.61582590556652
21870000.0,2.3328867579289874,2.9707804713274655,1.990667187330295,6.555451289153409
21880000.0,2.3327677724576694,3.00943837982998,1.9894153577717288,6.495827624794316
21890000.0,2.332650214530107,3.0480711329188566,1.9881521551967656,6.4369497211719695
21900000.0,2.332534076828347,3.0866787921474526,1.9868776478186037,6.378811978294509
21910000.0,2.3324193520812946,3.1252614188177077,1.985591904035301,6.321408426123913
21920000.0,2.3323060330643637,3.163819073981763,1.9842949924233095,6.264732760779534
21930000.0,2.3321941125991046,3.202351818443269,1.982986981731093,6.208778378434566
21940000.0,2.3320835835528624,3.240859712758933,1.9816679408727773,6.153538407018869
21950000.0,2.3319744388384103,3.2793428172399643,1.9803379389218023,6.0990057358401115
21960000.0,2.331866671413611,3.317801191953386,1.9789970451046126,6.045173043231516
21970000.0,2.3317602742810672,3.3562348967234996,1.9776453287944176,5.992032822330677
21980000.0,2.331655240487772,3.394643991133343,1.9762828595049162,5.939577405090991
21990000.0,2.331551563124779,3.4330285345259313,1.974909706884118,5.887798984623569
22000000.0,2.3314492353268577,3.471388586005851,1.9735259407081598,5.836689635962663
